run_id;first_var;time_s;crit1;crit2;crit_total;max_memory_mb;order_str;variable_order
1;sc;997.1078502309974;2075;4195;6270;422.84765625;sc_sa_sd_ca_cc_cb_cd_sb;['sc', 'sa', 'sd', 'ca', 'cc', 'cb', 'cd', 'sb']
2;sb;364.20739234401844;1926;3749;5675;422.84765625;sb_cd_cb_ca_sd_sc_sa_cc;['sb', 'cd', 'cb', 'ca', 'sd', 'sc', 'sa', 'cc']
3;sc;779.7509681810043;2126;4349;6475;432.1171875;sc_sb_sd_ca_sa_cd_cc_cb;['sc', 'sb', 'sd', 'ca', 'sa', 'cd', 'cc', 'cb']
4;cd;1689.5365464669885;2117;4282;6399;854.76171875;cd_cc_ca_cb_sb_sc_sd_sa;['cd', 'cc', 'ca', 'cb', 'sb', 'sc', 'sd', 'sa']
5;cb;833.7402407580521;2180;4404;6584;854.76171875;cb_cd_cc_ca_sa_sc_sb_sd;['cb', 'cd', 'cc', 'ca', 'sa', 'sc', 'sb', 'sd']
6;cc;371.60215342702577;2014;3759;5773;605.1953125;cc_sa_ca_sb_sd_sc_cb_cd;['cc', 'sa', 'ca', 'sb', 'sd', 'sc', 'cb', 'cd']
7;cb;510.30030924401945;2131;4370;6501;601.2578125;cb_cd_sb_sd_cc_ca_sa_sc;['cb', 'cd', 'sb', 'sd', 'cc', 'ca', 'sa', 'sc']
8;sa;533.202876758005;1916;3481;5397;600.2734375;sa_sd_cd_cc_sc_sb_cb_ca;['sa', 'sd', 'cd', 'cc', 'sc', 'sb', 'cb', 'ca']
9;sc;986.4788633059943;2086;4305;6391;600.2734375;sc_ca_cc_sa_sd_cb_cd_sb;['sc', 'ca', 'cc', 'sa', 'sd', 'cb', 'cd', 'sb']
10;cd;323.1796245419537;1734;3032;4766;598.3046875;cd_sa_ca_cb_sb_sd_sc_cc;['cd', 'sa', 'ca', 'cb', 'sb', 'sd', 'sc', 'cc']
11;sd;792.7181209749542;2018;4016;6034;597.58203125;sd_sa_ca_cb_cc_cd_sc_sb;['sd', 'sa', 'ca', 'cb', 'cc', 'cd', 'sc', 'sb']
12;cb;650.5286117650103;1871;3478;5349;597.58203125;cb_cc_sb_ca_sa_sd_sc_cd;['cb', 'cc', 'sb', 'ca', 'sa', 'sd', 'sc', 'cd']
13;sa;648.8167566320044;1889;3621;5510;597.58203125;sa_sc_sb_cc_cb_cd_ca_sd;['sa', 'sc', 'sb', 'cc', 'cb', 'cd', 'ca', 'sd']
14;ca;279.8728069959907;1737;3013;4750;596.59765625;ca_sa_cb_sb_sd_cc_cd_sc;['ca', 'sa', 'cb', 'sb', 'sd', 'cc', 'cd', 'sc']
15;ca;563.9777543069795;1757;3099;4856;596.59765625;ca_sb_sd_cb_sa_cd_cc_sc;['ca', 'sb', 'sd', 'cb', 'sa', 'cd', 'cc', 'sc']
16;sa;1216.3053900370141;2142;4655;6797;596.59765625;sa_ca_sd_sc_cc_sb_cb_cd;['sa', 'ca', 'sd', 'sc', 'cc', 'sb', 'cb', 'cd']
17;sa;342.21185794996563;1908;3598;5506;594.62890625;sa_cb_ca_sd_cd_cc_sb_sc;['sa', 'cb', 'ca', 'sd', 'cd', 'cc', 'sb', 'sc']
18;sb;537.5670959409908;2059;4043;6102;594.62890625;sb_cb_sd_cc_ca_cd_sc_sa;['sb', 'cb', 'sd', 'cc', 'ca', 'cd', 'sc', 'sa']
19;sc;518.1674988950253;1932;3528;5460;594.62890625;sc_cd_sa_sd_cc_sb_cb_ca;['sc', 'cd', 'sa', 'sd', 'cc', 'sb', 'cb', 'ca']
20;sc;876.7278405840043;2117;4334;6451;611.09375;sc_ca_cb_sd_sa_cd_cc_sb;['sc', 'ca', 'cb', 'sd', 'sa', 'cd', 'cc', 'sb']
21;sa;397.8566027029883;1816;3361;5177;611.09375;sa_ca_cc_sb_sd_cb_sc_cd;['sa', 'ca', 'cc', 'sb', 'sd', 'cb', 'sc', 'cd']
22;sa;518.1866864669719;1943;3730;5673;610.1171875;sa_cd_sc_sb_cb_ca_cc_sd;['sa', 'cd', 'sc', 'sb', 'cb', 'ca', 'cc', 'sd']
23;ca;626.0407597020385;2088;4368;6456;609.1328125;ca_cc_cd_sd_cb_sa_sc_sb;['ca', 'cc', 'cd', 'sd', 'cb', 'sa', 'sc', 'sb']
24;sc;707.0817898569512;1905;3636;5541;608.1484375;sc_sb_cb_ca_cd_sa_cc_sd;['sc', 'sb', 'cb', 'ca', 'cd', 'sa', 'cc', 'sd']
25;sa;824.4501834959956;2088;4189;6277;606.1796875;sa_sb_ca_cd_sd_cc_sc_cb;['sa', 'sb', 'ca', 'cd', 'sd', 'cc', 'sc', 'cb']
26;sa;628.3635635710089;1911;3641;5552;606.1796875;sa_cc_cb_sd_cd_sc_ca_sb;['sa', 'cc', 'cb', 'sd', 'cd', 'sc', 'ca', 'sb']
27;ca;762.5695378850214;1827;3325;5152;605.1953125;ca_sb_cb_cd_sa_sc_sd_cc;['ca', 'sb', 'cb', 'cd', 'sa', 'sc', 'sd', 'cc']
28;cc;751.7717499900027;2159;4424;6583;604.2109375;cc_cb_sc_sb_cd_sd_sa_ca;['cc', 'cb', 'sc', 'sb', 'cd', 'sd', 'sa', 'ca']
29;cc;697.3255958340014;2104;4512;6616;619.11328125;cc_cd_sa_sb_sd_cb_ca_sc;['cc', 'cd', 'sa', 'sb', 'sd', 'cb', 'ca', 'sc']
30;sc;614.675467714027;1768;3212;4980;619.11328125;sc_cb_sa_ca_cc_sb_cd_sd;['sc', 'cb', 'sa', 'ca', 'cc', 'sb', 'cd', 'sd']
31;ca;10099.425633767969;2081;4131;6212;2392.0703125;ca_sa_sb_sd_sc_cc_cd_cb;['ca', 'sa', 'sb', 'sd', 'sc', 'cc', 'cd', 'cb']
32;sa;1105.8160241779988;2090;4301;6391;2392.54296875;sa_sb_sd_cb_sc_cd_ca_cc;['sa', 'sb', 'sd', 'cb', 'sc', 'cd', 'ca', 'cc']
33;sb;352.06598998297704;1973;3918;5891;1159.33203125;sb_cb_cd_sc_sd_sa_ca_cc;['sb', 'cb', 'cd', 'sc', 'sd', 'sa', 'ca', 'cc']
34;sc;642.3921778229997;2021;3937;5958;1045.49609375;sc_ca_sa_cb_cd_cc_sd_sb;['sc', 'ca', 'sa', 'cb', 'cd', 'cc', 'sd', 'sb']
35;cd;577.8607309819781;2103;4209;6312;1045.23046875;cd_cb_sd_ca_sb_sc_cc_sa;['cd', 'cb', 'sd', 'ca', 'sb', 'sc', 'cc', 'sa']
36;sb;674.3479971080087;2105;4251;6356;1043.26171875;sb_sd_sa_ca_cc_sc_cb_cd;['sb', 'sd', 'sa', 'ca', 'cc', 'sc', 'cb', 'cd']
37;sa;466.7084015550208;1909;3639;5548;1040.30859375;sa_sb_cb_ca_sc_sd_cd_cc;['sa', 'sb', 'cb', 'ca', 'sc', 'sd', 'cd', 'cc']
38;cd;687.8498684529914;2091;4175;6266;1039.32421875;cd_cc_sd_sa_cb_sc_ca_sb;['cd', 'cc', 'sd', 'sa', 'cb', 'sc', 'ca', 'sb']
39;sd;554.2552178499755;2092;4437;6529;1037.51171875;sd_sb_cd_ca_cb_sc_sa_cc;['sd', 'sb', 'cd', 'ca', 'cb', 'sc', 'sa', 'cc']
40;cc;914.2815979929874;1981;3829;5810;1037.51171875;cc_sb_ca_cd_cb_sa_sd_sc;['cc', 'sb', 'ca', 'cd', 'cb', 'sa', 'sd', 'sc']
41;cb;877.4313017689856;2084;4324;6408;1036.37109375;cb_ca_cc_sc_sd_cd_sa_sb;['cb', 'ca', 'cc', 'sc', 'sd', 'cd', 'sa', 'sb']
42;sc;496.80743990902556;1881;3365;5246;1034.40234375;sc_cd_cc_sd_sb_sa_cb_ca;['sc', 'cd', 'cc', 'sd', 'sb', 'sa', 'cb', 'ca']
43;sa;461.8152530200314;2063;3871;5934;1034.40234375;sa_cd_sb_sc_ca_sd_cb_cc;['sa', 'cd', 'sb', 'sc', 'ca', 'sd', 'cb', 'cc']
44;sb;557.4876385729876;2106;4355;6461;1034.40234375;sb_sd_cb_sc_cc_sa_ca_cd;['sb', 'sd', 'cb', 'sc', 'cc', 'sa', 'ca', 'cd']
45;ca;446.8218646000023;1907;3634;5541;1034.40234375;ca_cb_sb_sa_cc_cd_sd_sc;['ca', 'cb', 'sb', 'sa', 'cc', 'cd', 'sd', 'sc']
46;cd;846.7772394220228;2445;5930;8375;1073.07421875;cd_sc_sa_cc_cb_sb_ca_sd;['cd', 'sc', 'sa', 'cc', 'cb', 'sb', 'ca', 'sd']
47;sc;466.768950238009;1996;4071;6067;1073.07421875;sc_sb_sa_cb_cd_cc_ca_sd;['sc', 'sb', 'sa', 'cb', 'cd', 'cc', 'ca', 'sd']
48;cd;268.48047323396895;1744;3196;4940;1065.19921875;cd_sa_ca_sd_cb_sb_sc_cc;['cd', 'sa', 'ca', 'sd', 'cb', 'sb', 'sc', 'cc']
49;cd;438.53260506602237;1873;3445;5318;1059.29296875;cd_sc_sa_cb_ca_sb_cc_sd;['cd', 'sc', 'sa', 'cb', 'ca', 'sb', 'cc', 'sd']
50;cc;509.8128007799969;1934;3564;5498;1054.37109375;cc_cb_sa_cd_sb_ca_sd_sc;['cc', 'cb', 'sa', 'cd', 'sb', 'ca', 'sd', 'sc']
51;ca;620.7757613339927;2030;4070;6100;1054.37109375;ca_sc_sa_cd_cb_cc_sd_sb;['ca', 'sc', 'sa', 'cd', 'cb', 'cc', 'sd', 'sb']
52;sb;253.15369854698656;1786;3365;5151;1050.43359375;sb_cb_sc_cc_sa_ca_cd_sd;['sb', 'cb', 'sc', 'cc', 'sa', 'ca', 'cd', 'sd']
53;sa;458.4003808820271;1971;3752;5723;1046.49609375;sa_cd_cc_cb_sb_ca_sd_sc;['sa', 'cd', 'cc', 'cb', 'sb', 'ca', 'sd', 'sc']
54;cd;694.2797991129919;2095;4181;6276;1042.55859375;cd_sb_sd_sa_ca_cc_sc_cb;['cd', 'sb', 'sd', 'sa', 'ca', 'cc', 'sc', 'cb']
55;cc;493.8572814600193;2091;4034;6125;1041.57421875;cc_cb_sc_ca_sb_sd_cd_sa;['cc', 'cb', 'sc', 'ca', 'sb', 'sd', 'cd', 'sa']
56;ca;777.3343442219775;2208;4531;6739;1040.58984375;ca_cd_sb_sa_cc_sd_cb_sc;['ca', 'cd', 'sb', 'sa', 'cc', 'sd', 'cb', 'sc']
57;cb;450.049336356984;1959;3701;5660;1040.58984375;cb_sa_sb_sc_sd_ca_cc_cd;['cb', 'sa', 'sb', 'sc', 'sd', 'ca', 'cc', 'cd']
58;sb;1205.2318159139832;2123;4279;6402;1040.58984375;sb_sc_cc_ca_cd_sd_sa_cb;['sb', 'sc', 'cc', 'ca', 'cd', 'sd', 'sa', 'cb']
59;cb;981.5042046050075;1951;3675;5626;1038.62109375;cb_cc_cd_ca_sb_sa_sd_sc;['cb', 'cc', 'cd', 'ca', 'sb', 'sa', 'sd', 'sc']
60;sd;391.76192016602727;1981;4013;5994;1038.62109375;sd_sa_sb_cc_cb_cd_ca_sc;['sd', 'sa', 'sb', 'cc', 'cb', 'cd', 'ca', 'sc']
61;ca;731.7306700539775;2051;4123;6174;1038.62890625;ca_cd_sc_sa_sd_sb_cc_cb;['ca', 'cd', 'sc', 'sa', 'sd', 'sb', 'cc', 'cb']
62;cb;667.9794138500001;2110;4086;6196;1038.62890625;cb_sa_sc_cc_ca_sd_sb_cd;['cb', 'sa', 'sc', 'cc', 'ca', 'sd', 'sb', 'cd']
63;sc;533.5649357339717;2047;3951;5998;1038.62890625;sc_sa_cb_sb_cd_cc_sd_ca;['sc', 'sa', 'cb', 'sb', 'cd', 'cc', 'sd', 'ca']
64;cb;941.0290131029906;2048;4089;6137;1038.62890625;cb_sc_cd_sb_sa_sd_cc_ca;['cb', 'sc', 'cd', 'sb', 'sa', 'sd', 'cc', 'ca']
65;cd;1061.0099266110337;2067;4232;6299;1055.25;cd_ca_sc_sa_cc_cb_sd_sb;['cd', 'ca', 'sc', 'sa', 'cc', 'cb', 'sd', 'sb']
66;sa;966.8413803920266;2128;4243;6371;1055.25;sa_sb_cd_cb_cc_sc_sd_ca;['sa', 'sb', 'cd', 'cb', 'cc', 'sc', 'sd', 'ca']
67;sa;450.79633564699907;1943;3564;5507;1052.296875;sa_cd_cc_sc_sd_cb_sb_ca;['sa', 'cd', 'cc', 'sc', 'sd', 'cb', 'sb', 'ca']
68;cd;648.9505099710077;2204;4930;7134;1049.34375;cd_sb_cc_sd_ca_cb_sa_sc;['cd', 'sb', 'cc', 'sd', 'ca', 'cb', 'sa', 'sc']
69;cb;805.000788218982;1964;3769;5733;1049.34375;cb_sc_sb_sd_cd_cc_ca_sa;['cb', 'sc', 'sb', 'sd', 'cd', 'cc', 'ca', 'sa']
70;sd;926.0951112480252;2100;4161;6261;1049.34375;sd_sb_sc_cb_cd_cc_ca_sa;['sd', 'sb', 'sc', 'cb', 'cd', 'cc', 'ca', 'sa']
71;ca;860.3265950899804;1894;3576;5470;1049.34375;ca_cc_cb_sb_sa_sd_sc_cd;['ca', 'cc', 'cb', 'sb', 'sa', 'sd', 'sc', 'cd']
72;sc;1170.717565385974;2169;4567;6736;1049.34375;sc_ca_cb_sd_cc_sa_sb_cd;['sc', 'ca', 'cb', 'sd', 'cc', 'sa', 'sb', 'cd']
73;cb;556.1329687039834;2007;3610;5617;1049.34375;cb_sd_sc_cd_cc_sa_sb_ca;['cb', 'sd', 'sc', 'cd', 'cc', 'sa', 'sb', 'ca']
74;cb;290.9804983489448;1810;3332;5142;1047.375;cb_ca_sb_cc_sc_sa_sd_cd;['cb', 'ca', 'sb', 'cc', 'sc', 'sa', 'sd', 'cd']
75;cb;498.150450703979;1830;3459;5289;1047.375;cb_cc_sb_sc_cd_sd_sa_ca;['cb', 'cc', 'sb', 'sc', 'cd', 'sd', 'sa', 'ca']
76;sc;633.8728357679793;2155;4596;6751;1046.390625;sc_cb_sa_cc_sb_sd_ca_cd;['sc', 'cb', 'sa', 'cc', 'sb', 'sd', 'ca', 'cd']
77;sc;450.8073406940093;1855;3289;5144;1046.390625;sc_ca_sb_sa_sd_cb_cc_cd;['sc', 'ca', 'sb', 'sa', 'sd', 'cb', 'cc', 'cd']
78;sb;1281.268059153983;2116;4476;6592;1046.390625;sb_ca_sa_sc_cd_sd_cc_cb;['sb', 'ca', 'sa', 'sc', 'cd', 'sd', 'cc', 'cb']
79;cb;824.0064668119885;2067;3942;6009;1046.390625;cb_sb_ca_cc_sc_cd_sd_sa;['cb', 'sb', 'ca', 'cc', 'sc', 'cd', 'sd', 'sa']
80;cc;332.75742069096304;1753;3233;4986;1046.390625;cc_sd_sc_cd_sa_ca_cb_sb;['cc', 'sd', 'sc', 'cd', 'sa', 'ca', 'cb', 'sb']
81;sd;605.0233619269566;2130;4422;6552;1046.390625;sd_ca_sb_cd_cc_sa_sc_cb;['sd', 'ca', 'sb', 'cd', 'cc', 'sa', 'sc', 'cb']
82;sc;2668.420385950012;1911;3522;5433;1459.83984375;sc_sd_cd_sa_cc_sb_ca_cb;['sc', 'sd', 'cd', 'sa', 'cc', 'sb', 'ca', 'cb']
83;sd;633.4544888339587;2091;4377;6468;1459.83984375;sd_cc_cd_sa_cb_ca_sc_sb;['sd', 'cc', 'cd', 'sa', 'cb', 'ca', 'sc', 'sb']
84;cd;315.7950549059897;1857;3475;5332;1049.68359375;cd_sa_ca_cb_sd_sc_sb_cc;['cd', 'sa', 'ca', 'cb', 'sd', 'sc', 'sb', 'cc']
85;cd;576.4814814669662;1867;3436;5303;1049.68359375;cd_sc_sa_ca_cb_sb_cc_sd;['cd', 'sc', 'sa', 'ca', 'cb', 'sb', 'cc', 'sd']
86;sa;1800.141972738027;2077;4088;6165;1049.68359375;sa_ca_sd_sc_sb_cc_cd_cb;['sa', 'ca', 'sd', 'sc', 'sb', 'cc', 'cd', 'cb']
87;cb;1144.1993401810178;2089;4125;6214;1049.68359375;cb_sa_sd_ca_sc_cd_sb_cc;['cb', 'sa', 'sd', 'ca', 'sc', 'cd', 'sb', 'cc']
88;ca;669.5283079670044;1845;3278;5123;1047.71484375;ca_cb_sb_sc_sa_cc_sd_cd;['ca', 'cb', 'sb', 'sc', 'sa', 'cc', 'sd', 'cd']
89;ca;579.967922219017;2049;3907;5956;1046.73046875;ca_cd_sc_cb_sa_sd_sb_cc;['ca', 'cd', 'sc', 'cb', 'sa', 'sd', 'sb', 'cc']
90;sb;653.7702216270263;2126;4660;6786;1048.30859375;sb_cd_cc_ca_sc_sa_cb_sd;['sb', 'cd', 'cc', 'ca', 'sc', 'sa', 'cb', 'sd']
91;sa;380.1859326880076;1890;3475;5365;1048.30859375;sa_ca_cc_sb_sd_sc_cb_cd;['sa', 'ca', 'cc', 'sb', 'sd', 'sc', 'cb', 'cd']
92;sb;550.8107081879862;2158;4366;6524;1046.33984375;sb_cd_cb_sd_sa_cc_sc_ca;['sb', 'cd', 'cb', 'sd', 'sa', 'cc', 'sc', 'ca']
93;ca;383.705416376004;1844;3380;5224;1046.33984375;ca_sc_sa_cd_sb_cb_cc_sd;['ca', 'sc', 'sa', 'cd', 'sb', 'cb', 'cc', 'sd']
94;cb;412.42966873396654;1863;3506;5369;1046.33984375;cb_sb_sc_sa_cc_ca_sd_cd;['cb', 'sb', 'sc', 'sa', 'cc', 'ca', 'sd', 'cd']
95;cd;886.5920565580018;2101;4402;6503;1046.33984375;cd_ca_cb_cc_sa_sc_sd_sb;['cd', 'ca', 'cb', 'cc', 'sa', 'sc', 'sd', 'sb']
96;sa;766.9777582779643;1981;3925;5906;1046.33984375;sa_ca_sd_cd_sc_cb_cc_sb;['sa', 'ca', 'sd', 'cd', 'sc', 'cb', 'cc', 'sb']
97;sa;797.5372357419692;2169;4379;6548;1045.35546875;sa_sd_ca_sb_sc_cd_cb_cc;['sa', 'sd', 'ca', 'sb', 'sc', 'cd', 'cb', 'cc']
98;sc;431.4742429149919;1925;3979;5904;1045.35546875;sc_cd_cc_cb_sa_sb_ca_sd;['sc', 'cd', 'cc', 'cb', 'sa', 'sb', 'ca', 'sd']
99;sc;415.1378187320079;1903;3739;5642;1045.35546875;sc_sb_ca_cc_cb_cd_sa_sd;['sc', 'sb', 'ca', 'cc', 'cb', 'cd', 'sa', 'sd']
100;cb;498.3419099019957;1842;3271;5113;1045.35546875;cb_sb_cc_sa_ca_cd_sc_sd;['cb', 'sb', 'cc', 'sa', 'ca', 'cd', 'sc', 'sd']
101;sc;472.69936527399113;2083;4348;6431;1045.35546875;sc_sa_sb_cc_cb_sd_ca_cd;['sc', 'sa', 'sb', 'cc', 'cb', 'sd', 'ca', 'cd']
102;cc;1358.985270218982;2173;4606;6779;1045.35546875;cc_cb_cd_sc_sb_sa_sd_ca;['cc', 'cb', 'cd', 'sc', 'sb', 'sa', 'sd', 'ca']
103;cd;470.5200128380093;1857;3347;5204;1045.35546875;cd_sa_cb_ca_sb_cc_sc_sd;['cd', 'sa', 'cb', 'ca', 'sb', 'cc', 'sc', 'sd']
104;sb;740.5455597100081;2155;4532;6687;1045.35546875;sb_cc_sa_cd_cb_sd_ca_sc;['sb', 'cc', 'sa', 'cd', 'cb', 'sd', 'ca', 'sc']
105;cd;1275.9354162099771;1845;3347;5192;1045.35546875;cd_ca_cb_sb_sa_sd_cc_sc;['cd', 'ca', 'cb', 'sb', 'sa', 'sd', 'cc', 'sc']
106;sd;885.9569264790043;2042;4122;6164;1045.35546875;sd_cc_ca_cd_cb_sc_sa_sb;['sd', 'cc', 'ca', 'cd', 'cb', 'sc', 'sa', 'sb']
107;sd;917.6103805929888;1977;3801;5778;1045.35546875;sd_cb_sa_sb_sc_ca_cc_cd;['sd', 'cb', 'sa', 'sb', 'sc', 'ca', 'cc', 'cd']
108;sd;387.2915083790431;1972;3824;5796;1045.35546875;sd_ca_cd_sa_cc_sb_cb_sc;['sd', 'ca', 'cd', 'sa', 'cc', 'sb', 'cb', 'sc']
109;ca;547.6313974300283;2037;3913;5950;1045.35546875;ca_cc_cb_sa_sc_sd_cd_sb;['ca', 'cc', 'cb', 'sa', 'sc', 'sd', 'cd', 'sb']
110;sd;517.975073916954;1953;3582;5535;1045.35546875;sd_ca_cb_sc_sa_sb_cd_cc;['sd', 'ca', 'cb', 'sc', 'sa', 'sb', 'cd', 'cc']
111;ca;482.3108061469975;2151;4435;6586;1045.35546875;ca_sd_cb_sb_cd_sc_sa_cc;['ca', 'sd', 'cb', 'sb', 'cd', 'sc', 'sa', 'cc']
112;sc;421.6653179419809;1906;3368;5274;1045.35546875;sc_cc_sd_cd_cb_ca_sb_sa;['sc', 'cc', 'sd', 'cd', 'cb', 'ca', 'sb', 'sa']
113;sd;703.1937030960107;2014;4114;6128;1045.35546875;sd_cb_cd_sa_ca_sc_sb_cc;['sd', 'cb', 'cd', 'sa', 'ca', 'sc', 'sb', 'cc']
114;sd;1392.7081953799934;2068;4250;6318;1051.13671875;sd_sa_cc_ca_cb_sc_cd_sb;['sd', 'sa', 'cc', 'ca', 'cb', 'sc', 'cd', 'sb']
115;sc;1439.8476124620647;2109;4295;6404;1051.13671875;sc_ca_cb_sd_sa_cc_cd_sb;['sc', 'ca', 'cb', 'sd', 'sa', 'cc', 'cd', 'sb']
116;cc;592.334473626921;2059;4370;6429;1050.15234375;cc_sb_sd_ca_sa_cd_cb_sc;['cc', 'sb', 'sd', 'ca', 'sa', 'cd', 'cb', 'sc']
117;sc;619.019425334991;2157;4566;6723;1050.15234375;sc_sb_sd_cc_sa_cb_cd_ca;['sc', 'sb', 'sd', 'cc', 'sa', 'cb', 'cd', 'ca']
118;sa;600.2717553739203;2299;4932;7231;1049.16796875;sa_sb_cc_sd_cd_ca_cb_sc;['sa', 'sb', 'cc', 'sd', 'cd', 'ca', 'cb', 'sc']
119;sa;458.5873561570188;1835;3396;5231;1048.18359375;sa_sd_sb_ca_cd_cb_sc_cc;['sa', 'sd', 'sb', 'ca', 'cd', 'cb', 'sc', 'cc']
120;ca;581.930418996024;1931;3650;5581;1048.18359375;ca_sa_cd_sb_cb_cc_sc_sd;['ca', 'sa', 'cd', 'sb', 'cb', 'cc', 'sc', 'sd']
121;ca;1465.7099750749767;2067;4152;6219;1048.18359375;ca_sc_sd_cb_sa_cd_cc_sb;['ca', 'sc', 'sd', 'cb', 'sa', 'cd', 'cc', 'sb']
122;cc;829.1400571879931;2092;4039;6131;1048.18359375;cc_sb_sc_cb_ca_sd_cd_sa;['cc', 'sb', 'sc', 'cb', 'ca', 'sd', 'cd', 'sa']
123;sd;1513.8465578210307;2024;3997;6021;1048.18359375;sd_cc_cb_ca_sb_sc_cd_sa;['sd', 'cc', 'cb', 'ca', 'sb', 'sc', 'cd', 'sa']
124;cd;1053.7958332860144;2041;4047;6088;1048.18359375;cd_sc_cb_sb_sa_cc_sd_ca;['cd', 'sc', 'cb', 'sb', 'sa', 'cc', 'sd', 'ca']
125;sa;1164.4971833099844;2032;4038;6070;1048.18359375;sa_ca_cd_sc_cc_sb_sd_cb;['sa', 'ca', 'cd', 'sc', 'cc', 'sb', 'sd', 'cb']
126;ca;668.1112123760395;2128;4423;6551;1048.18359375;ca_sc_sd_sb_cc_sa_cd_cb;['ca', 'sc', 'sd', 'sb', 'cc', 'sa', 'cd', 'cb']
127;sd;689.7219957610359;2128;4491;6619;1048.18359375;sd_sb_cd_sc_sa_ca_cb_cc;['sd', 'sb', 'cd', 'sc', 'sa', 'ca', 'cb', 'cc']
128;sb;556.4393424079753;2000;3518;5518;1048.18359375;sb_sc_sd_cc_ca_cd_cb_sa;['sb', 'sc', 'sd', 'cc', 'ca', 'cd', 'cb', 'sa']
129;sd;947.2893224939471;2106;4218;6324;1048.18359375;sd_sc_cb_sb_cc_sa_cd_ca;['sd', 'sc', 'cb', 'sb', 'cc', 'sa', 'cd', 'ca']
130;sc;2377.0550626040203;2160;4788;6948;1376.3125;sc_sa_sd_cd_cb_ca_sb_cc;['sc', 'sa', 'sd', 'cd', 'cb', 'ca', 'sb', 'cc']
131;sb;317.2677067120094;1823;3509;5332;1376.3125;sb_cb_ca_sc_cc_cd_sa_sd;['sb', 'cb', 'ca', 'sc', 'cc', 'cd', 'sa', 'sd']
132;cc;669.6628879390191;2046;4080;6126;1312.65625;cc_sc_sd_sa_cb_ca_cd_sb;['cc', 'sc', 'sd', 'sa', 'cb', 'ca', 'cd', 'sb']
133;sc;1362.725701638963;2082;3989;6071;1048.18359375;sc_cb_sd_sb_cc_sa_cd_ca;['sc', 'cb', 'sd', 'sb', 'cc', 'sa', 'cd', 'ca']
134;sd;429.6160984879825;1937;3449;5386;1048.18359375;sd_sc_sa_cc_sb_cd_cb_ca;['sd', 'sc', 'sa', 'cc', 'sb', 'cd', 'cb', 'ca']
135;sb;1032.5916704139672;1763;3167;4930;1048.18359375;sb_sd_ca_cb_sa_cd_cc_sc;['sb', 'sd', 'ca', 'cb', 'sa', 'cd', 'cc', 'sc']
136;ca;405.8754476670874;1965;3887;5852;1048.18359375;ca_sd_cb_sb_cd_cc_sa_sc;['ca', 'sd', 'cb', 'sb', 'cd', 'cc', 'sa', 'sc']
137;cc;676.713705808972;1939;3724;5663;1048.18359375;cc_sa_sd_sc_sb_cd_ca_cb;['cc', 'sa', 'sd', 'sc', 'sb', 'cd', 'ca', 'cb']
138;sc;713.0839760790113;1869;3344;5213;1047.19921875;sc_cc_ca_cd_cb_sd_sb_sa;['sc', 'cc', 'ca', 'cd', 'cb', 'sd', 'sb', 'sa']
139;sc;428.8016109709861;1802;3328;5130;1047.19921875;sc_cd_sd_cc_sa_ca_sb_cb;['sc', 'cd', 'sd', 'cc', 'sa', 'ca', 'sb', 'cb']
140;sb;452.5547360739438;1956;3605;5561;1047.19921875;sb_cd_cc_sa_ca_cb_sd_sc;['sb', 'cd', 'cc', 'sa', 'ca', 'cb', 'sd', 'sc']
141;cd;2490.9127633840544;2175;4427;6602;1047.19921875;cd_cb_cc_sc_sb_sa_sd_ca;['cd', 'cb', 'cc', 'sc', 'sb', 'sa', 'sd', 'ca']
142;cd;443.9725537969498;2069;4167;6236;1047.19921875;cd_sa_sb_sd_ca_cb_cc_sc;['cd', 'sa', 'sb', 'sd', 'ca', 'cb', 'cc', 'sc']
143;sd;532.8466059319908;2023;4050;6073;1047.19921875;sd_cd_cc_sa_ca_cb_sb_sc;['sd', 'cd', 'cc', 'sa', 'ca', 'cb', 'sb', 'sc']
144;sa;340.63530020194594;1823;3399;5222;1047.19921875;sa_ca_cd_sb_sc_cb_cc_sd;['sa', 'ca', 'cd', 'sb', 'sc', 'cb', 'cc', 'sd']
145;sb;1575.7979702739976;2076;4109;6185;1047.19921875;sb_ca_sc_cd_cb_sd_cc_sa;['sb', 'ca', 'sc', 'cd', 'cb', 'sd', 'cc', 'sa']
146;sd;993.7993115060963;2011;3964;5975;1047.19921875;sd_sc_ca_sa_cc_cd_sb_cb;['sd', 'sc', 'ca', 'sa', 'cc', 'cd', 'sb', 'cb']
147;cd;376.3042308180593;1840;3234;5074;1047.19921875;cd_cb_ca_sa_sb_sc_cc_sd;['cd', 'cb', 'ca', 'sa', 'sb', 'sc', 'cc', 'sd']
148;cd;1114.8973059240961;2199;4640;6839;1047.19921875;cd_sb_sd_sc_sa_cc_ca_cb;['cd', 'sb', 'sd', 'sc', 'sa', 'cc', 'ca', 'cb']
149;ca;573.9802156619262;1933;3726;5659;1047.19921875;ca_sd_cc_sa_cb_cd_sb_sc;['ca', 'sd', 'cc', 'sa', 'cb', 'cd', 'sb', 'sc']
150;sb;403.89155271695927;1941;3932;5873;1047.19921875;sb_sa_cd_sc_sd_cb_ca_cc;['sb', 'sa', 'cd', 'sc', 'sd', 'cb', 'ca', 'cc']
151;ca;365.90573552204296;1751;3085;4836;1047.19921875;ca_sb_cb_cd_sa_sd_sc_cc;['ca', 'sb', 'cb', 'cd', 'sa', 'sd', 'sc', 'cc']
152;cb;756.6602942160098;2069;4053;6122;1047.19921875;cb_cc_sa_sb_sd_cd_sc_ca;['cb', 'cc', 'sa', 'sb', 'sd', 'cd', 'sc', 'ca']
153;sc;644.2907980920281;2045;3958;6003;1047.19921875;sc_sb_ca_sa_cc_cd_sd_cb;['sc', 'sb', 'ca', 'sa', 'cc', 'cd', 'sd', 'cb']
154;sc;462.15650136990007;1934;3711;5645;1047.19921875;sc_sa_cd_cb_sb_ca_sd_cc;['sc', 'sa', 'cd', 'cb', 'sb', 'ca', 'sd', 'cc']
155;sb;604.604575835052;1958;3652;5610;1047.19921875;sb_sc_cc_ca_sd_cd_cb_sa;['sb', 'sc', 'cc', 'ca', 'sd', 'cd', 'cb', 'sa']
156;ca;457.3512590280734;1920;3747;5667;1047.19921875;ca_cd_sa_sc_sd_cc_sb_cb;['ca', 'cd', 'sa', 'sc', 'sd', 'cc', 'sb', 'cb']
157;ca;288.20729520800523;1876;3592;5468;1047.19921875;ca_sc_cc_sa_sb_cd_cb_sd;['ca', 'sc', 'cc', 'sa', 'sb', 'cd', 'cb', 'sd']
158;sd;691.0053341239691;2007;4033;6040;1047.19921875;sd_sa_cc_ca_cd_sc_sb_cb;['sd', 'sa', 'cc', 'ca', 'cd', 'sc', 'sb', 'cb']
159;cd;396.20775370905176;1844;3342;5186;1047.19921875;cd_ca_cb_sc_sa_sb_sd_cc;['cd', 'ca', 'cb', 'sc', 'sa', 'sb', 'sd', 'cc']
160;sa;549.9720447770087;2142;4485;6627;1047.19921875;sa_cc_sb_cd_sd_cb_sc_ca;['sa', 'cc', 'sb', 'cd', 'sd', 'cb', 'sc', 'ca']
161;cc;846.2350411729421;1896;3629;5525;1047.19921875;cc_sd_cd_sa_sc_ca_cb_sb;['cc', 'sd', 'cd', 'sa', 'sc', 'ca', 'cb', 'sb']
162;sa;769.0656333829975;2025;4135;6160;1047.19921875;sa_sb_sc_sd_cc_ca_cb_cd;['sa', 'sb', 'sc', 'sd', 'cc', 'ca', 'cb', 'cd']
163;cb;1681.187968319049;2035;4127;6162;1047.19921875;cb_cc_ca_sb_sd_cd_sa_sc;['cb', 'cc', 'ca', 'sb', 'sd', 'cd', 'sa', 'sc']
164;cc;1368.0236782280263;2129;4457;6586;1047.19921875;cc_sa_cb_cd_ca_sc_sd_sb;['cc', 'sa', 'cb', 'cd', 'ca', 'sc', 'sd', 'sb']
165;sc;354.60852585802786;1856;3247;5103;1047.19921875;sc_ca_cb_sd_sa_sb_cc_cd;['sc', 'ca', 'cb', 'sd', 'sa', 'sb', 'cc', 'cd']
166;cd;453.756559524918;1929;3955;5884;1047.19921875;cd_sa_sc_sb_sd_cb_ca_cc;['cd', 'sa', 'sc', 'sb', 'sd', 'cb', 'ca', 'cc']
167;sd;494.6390373450704;1988;4166;6154;1047.19921875;sd_cb_cd_cc_sb_sc_ca_sa;['sd', 'cb', 'cd', 'cc', 'sb', 'sc', 'ca', 'sa']
168;ca;1965.1832270059967;2064;3961;6025;1047.19921875;ca_sc_cb_cd_sb_cc_sd_sa;['ca', 'sc', 'cb', 'cd', 'sb', 'cc', 'sd', 'sa']
169;cc;2066.8661501780152;2025;4175;6200;1047.19921875;cc_sd_sc_cd_ca_sa_cb_sb;['cc', 'sd', 'sc', 'cd', 'ca', 'sa', 'cb', 'sb']
170;cc;1227.3544807590079;1971;3887;5858;1047.19921875;cc_sd_sa_ca_cd_sc_cb_sb;['cc', 'sd', 'sa', 'ca', 'cd', 'sc', 'cb', 'sb']
171;sd;572.5172723541036;1886;3419;5305;1047.19921875;sd_cd_sa_sc_cb_cc_sb_ca;['sd', 'cd', 'sa', 'sc', 'cb', 'cc', 'sb', 'ca']
172;cc;429.3698570259148;1975;3729;5704;1047.19921875;cc_ca_cb_cd_sd_sc_sb_sa;['cc', 'ca', 'cb', 'cd', 'sd', 'sc', 'sb', 'sa']
173;cc;2217.9190755359596;2166;4548;6714;1047.19921875;cc_sb_cd_sc_cb_sd_sa_ca;['cc', 'sb', 'cd', 'sc', 'cb', 'sd', 'sa', 'ca']
174;cc;537.6092653280357;2100;4338;6438;1047.19921875;cc_sd_cb_sc_sa_sb_cd_ca;['cc', 'sd', 'cb', 'sc', 'sa', 'sb', 'cd', 'ca']
175;sb;565.5886941070203;2095;4343;6438;1047.19921875;sb_cd_sa_sd_sc_cb_cc_ca;['sb', 'cd', 'sa', 'sd', 'sc', 'cb', 'cc', 'ca']
176;cc;494.2534293399658;2088;4373;6461;1047.19921875;cc_sd_sb_cb_sa_cd_ca_sc;['cc', 'sd', 'sb', 'cb', 'sa', 'cd', 'ca', 'sc']
177;ca;334.8901203389978;1758;3085;4843;1047.19921875;ca_sa_cb_sb_cc_cd_sd_sc;['ca', 'sa', 'cb', 'sb', 'cc', 'cd', 'sd', 'sc']
178;sa;2893.4689770140685;2016;4085;6101;1047.19921875;sa_cb_cc_sd_sc_cd_ca_sb;['sa', 'cb', 'cc', 'sd', 'sc', 'cd', 'ca', 'sb']
179;cd;1623.9571412149817;2052;4034;6086;1047.19921875;cd_sa_cc_ca_cb_sd_sc_sb;['cd', 'sa', 'cc', 'ca', 'cb', 'sd', 'sc', 'sb']
180;sd;453.41741845197976;1932;3434;5366;1047.19921875;sd_cc_sc_sb_cd_cb_sa_ca;['sd', 'cc', 'sc', 'sb', 'cd', 'cb', 'sa', 'ca']
181;sd;640.5138899949379;2052;4162;6214;1056.296875;sd_cd_sb_sc_ca_cc_sa_cb;['sd', 'cd', 'sb', 'sc', 'ca', 'cc', 'sa', 'cb']
182;ca;552.3998371449998;2151;4479;6630;1056.296875;ca_sb_sd_sc_cc_cb_cd_sa;['ca', 'sb', 'sd', 'sc', 'cc', 'cb', 'cd', 'sa']
183;sc;506.8862976609962;2033;3979;6012;1054.33203125;sc_sd_sb_ca_cc_cd_cb_sa;['sc', 'sd', 'sb', 'ca', 'cc', 'cd', 'cb', 'sa']
184;sa;571.1120287769008;2233;4888;7121;1051.37890625;sa_cc_cd_sc_sb_ca_cb_sd;['sa', 'cc', 'cd', 'sc', 'sb', 'ca', 'cb', 'sd']
185;sb;380.59756555303466;1848;3393;5241;1049.41015625;sb_ca_cc_sd_sa_cb_sc_cd;['sb', 'ca', 'cc', 'sd', 'sa', 'cb', 'sc', 'cd']
186;cb;1362.1156418710016;2124;4152;6276;1049.41015625;cb_sb_ca_sc_sd_cd_cc_sa;['cb', 'sb', 'ca', 'sc', 'sd', 'cd', 'cc', 'sa']
187;ca;376.9212235599989;1822;3364;5186;1048.42578125;ca_sa_sb_sd_cc_cb_cd_sc;['ca', 'sa', 'sb', 'sd', 'cc', 'cb', 'cd', 'sc']
188;sc;697.0175303070573;1959;4085;6044;1048.42578125;sc_cc_cd_sa_cb_ca_sb_sd;['sc', 'cc', 'cd', 'sa', 'cb', 'ca', 'sb', 'sd']
189;cc;1149.923598511028;1999;3928;5927;1048.42578125;cc_cd_sa_sb_ca_sc_sd_cb;['cc', 'cd', 'sa', 'sb', 'ca', 'sc', 'sd', 'cb']
190;sc;280.2113374110777;1843;3340;5183;1048.42578125;sc_sa_ca_sb_cb_cc_sd_cd;['sc', 'sa', 'ca', 'sb', 'cb', 'cc', 'sd', 'cd']
191;ca;524.8033427849878;2027;3766;5793;1051.13671875;ca_sd_sc_cb_cd_cc_sb_sa;['ca', 'sd', 'sc', 'cb', 'cd', 'cc', 'sb', 'sa']
192;cd;635.0890969070606;2319;5341;7660;1052.0078125;cd_cb_cc_sa_sc_ca_sb_sd;['cd', 'cb', 'cc', 'sa', 'sc', 'ca', 'sb', 'sd']
193;cd;996.089475258952;2088;4205;6293;1052.0078125;cd_sc_cc_sb_ca_sd_sa_cb;['cd', 'sc', 'cc', 'sb', 'ca', 'sd', 'sa', 'cb']
194;cc;912.0377596730832;2192;4934;7126;1052.0078125;cc_sd_sb_cd_ca_sa_sc_cb;['cc', 'sd', 'sb', 'cd', 'ca', 'sa', 'sc', 'cb']
195;cb;1492.6028002660023;2149;4310;6459;1051.0234375;cb_cc_cd_sc_sb_sa_sd_ca;['cb', 'cc', 'cd', 'sc', 'sb', 'sa', 'sd', 'ca']
196;cd;1058.096751842997;2057;4262;6319;1051.0234375;cd_cc_cb_sd_ca_sc_sa_sb;['cd', 'cc', 'cb', 'sd', 'ca', 'sc', 'sa', 'sb']
197;cd;861.3319879380288;1901;3606;5507;1050.0390625;cd_ca_sb_sc_cb_sa_sd_cc;['cd', 'ca', 'sb', 'sc', 'cb', 'sa', 'sd', 'cc']
198;sd;10067.828492393019;2181;4441;6622;1589.171875;sd_cd_sb_sc_cb_sa_cc_ca;['sd', 'cd', 'sb', 'sc', 'cb', 'sa', 'cc', 'ca']
199;sa;716.9070974569768;2026;4184;6210;1589.171875;sa_sc_cd_cc_sb_ca_cb_sd;['sa', 'sc', 'cd', 'cc', 'sb', 'ca', 'cb', 'sd']
200;cc;589.1295243269997;2008;3556;5564;1221.3203125;cc_sd_sa_sc_sb_cd_cb_ca;['cc', 'sd', 'sa', 'sc', 'sb', 'cd', 'cb', 'ca']
201;sa;577.4610717879841;1972;3819;5791;1050.15234375;sa_cc_ca_sd_cb_sc_sb_cd;['sa', 'cc', 'ca', 'sd', 'cb', 'sc', 'sb', 'cd']
202;cd;889.8304154559737;2130;4372;6502;1050.15234375;cd_cb_cc_sc_ca_sa_sd_sb;['cd', 'cb', 'cc', 'sc', 'ca', 'sa', 'sd', 'sb']
203;sb;2958.1898409549613;1782;3139;4921;1050.15234375;sb_sa_cd_ca_cb_sd_cc_sc;['sb', 'sa', 'cd', 'ca', 'cb', 'sd', 'cc', 'sc']
204;cd;566.6128031599801;2063;4304;6367;1050.15234375;cd_sb_ca_sd_cc_sa_sc_cb;['cd', 'sb', 'ca', 'sd', 'cc', 'sa', 'sc', 'cb']
205;sd;577.5534253929509;2202;4858;7060;1050.15234375;sd_cc_sc_ca_sb_sa_cb_cd;['sd', 'cc', 'sc', 'ca', 'sb', 'sa', 'cb', 'cd']
206;sd;3881.4653071759967;1992;3837;5829;1050.15234375;sd_cd_sa_sc_cc_cb_ca_sb;['sd', 'cd', 'sa', 'sc', 'cc', 'cb', 'ca', 'sb']
207;sc;486.68111194705125;1878;3366;5244;1050.15234375;sc_sd_cb_cd_cc_sb_ca_sa;['sc', 'sd', 'cb', 'cd', 'cc', 'sb', 'ca', 'sa']
208;ca;740.8165126990061;1926;3511;5437;1050.15234375;ca_sd_sc_cd_cc_sb_cb_sa;['ca', 'sd', 'sc', 'cd', 'cc', 'sb', 'cb', 'sa']
209;sa;611.7279496659758;2092;4243;6335;1050.15234375;sa_sb_sc_sd_cd_ca_cc_cb;['sa', 'sb', 'sc', 'sd', 'cd', 'ca', 'cc', 'cb']
210;cb;2304.064340314013;2116;4062;6178;1050.15234375;cb_sb_cd_sd_cc_ca_sc_sa;['cb', 'sb', 'cd', 'sd', 'cc', 'ca', 'sc', 'sa']
211;sc;1146.6626719519263;1990;4025;6015;1050.15234375;sc_cd_ca_cc_sd_sa_sb_cb;['sc', 'cd', 'ca', 'cc', 'sd', 'sa', 'sb', 'cb']
212;sb;436.7872960460372;1817;3423;5240;1050.15234375;sb_cb_sa_sd_cd_ca_cc_sc;['sb', 'cb', 'sa', 'sd', 'cd', 'ca', 'cc', 'sc']
213;sa;640.85420647508;1943;3657;5600;1050.15234375;sa_cd_cc_sc_sd_cb_ca_sb;['sa', 'cd', 'cc', 'sc', 'sd', 'cb', 'ca', 'sb']
214;ca;311.594077429967;1844;3212;5056;1050.15234375;ca_sd_sc_sb_sa_cb_cc_cd;['ca', 'sd', 'sc', 'sb', 'sa', 'cb', 'cc', 'cd']
215;sc;4228.147101451992;2332;5166;7498;1050.15234375;sc_sd_cb_sa_cd_ca_sb_cc;['sc', 'sd', 'cb', 'sa', 'cd', 'ca', 'sb', 'cc']
216;cc;653.5489244629862;2098;4275;6373;1051.13671875;cc_sb_sa_sc_ca_sd_cd_cb;['cc', 'sb', 'sa', 'sc', 'ca', 'sd', 'cd', 'cb']
217;sb;348.4975738740759;1884;3722;5606;1051.13671875;sb_ca_sd_cc_cd_cb_sa_sc;['sb', 'ca', 'sd', 'cc', 'cd', 'cb', 'sa', 'sc']
218;ca;341.96945190394763;1906;3603;5509;1051.13671875;ca_sb_sa_sd_cd_cc_cb_sc;['ca', 'sb', 'sa', 'sd', 'cd', 'cc', 'cb', 'sc']
219;cd;1017.0835528840544;2043;3924;5967;1050.15234375;cd_ca_sa_sb_sd_sc_cc_cb;['cd', 'ca', 'sa', 'sb', 'sd', 'sc', 'cc', 'cb']
220;sa;389.65267811203375;1960;3685;5645;1050.15234375;sa_sb_cb_sc_sd_ca_cc_cd;['sa', 'sb', 'cb', 'sc', 'sd', 'ca', 'cc', 'cd']
221;ca;1278.087489754078;2069;4215;6284;1050.15234375;ca_sa_cd_cb_sc_cc_sd_sb;['ca', 'sa', 'cd', 'cb', 'sc', 'cc', 'sd', 'sb']
222;cd;838.5115177419502;2123;4425;6548;1050.15234375;cd_sa_sc_cc_ca_sb_cb_sd;['cd', 'sa', 'sc', 'cc', 'ca', 'sb', 'cb', 'sd']
223;sc;5541.941580302082;1991;3958;5949;1609.94921875;sc_sa_sd_cd_ca_cc_cb_sb;['sc', 'sa', 'sd', 'cd', 'ca', 'cc', 'cb', 'sb']
224;sc;732.6308392509818;1979;4130;6109;1609.96484375;sc_cd_sb_sd_cb_cc_ca_sa;['sc', 'cd', 'sb', 'sd', 'cb', 'cc', 'ca', 'sa']
225;sd;540.7967917589704;2004;3705;5709;1538.28515625;sd_ca_sb_sa_cc_cd_cb_sc;['sd', 'ca', 'sb', 'sa', 'cc', 'cd', 'cb', 'sc']
226;sd;969.8339295800542;2111;4217;6328;1412.51171875;sd_sc_sa_sb_cb_cc_cd_ca;['sd', 'sc', 'sa', 'sb', 'cb', 'cc', 'cd', 'ca']
227;sc;1015.1443039780715;2055;4159;6214;1412.51171875;sc_cd_cc_ca_sa_sb_sd_cb;['sc', 'cd', 'cc', 'ca', 'sa', 'sb', 'sd', 'cb']
228;cc;560.8902828790015;2055;4138;6193;1412.51171875;cc_sa_cd_sd_sc_ca_sb_cb;['cc', 'sa', 'cd', 'sd', 'sc', 'ca', 'sb', 'cb']
229;sb;549.9807292310288;1904;3644;5548;1412.51171875;sb_sc_cb_cd_sa_ca_cc_sd;['sb', 'sc', 'cb', 'cd', 'sa', 'ca', 'cc', 'sd']
230;sb;561.2801174850902;2082;4290;6372;1412.51171875;sb_sa_sd_sc_cc_ca_cd_cb;['sb', 'sa', 'sd', 'sc', 'cc', 'ca', 'cd', 'cb']
231;sd;467.15504264098126;1851;3268;5119;1412.51171875;sd_sa_sb_ca_cb_sc_cd_cc;['sd', 'sa', 'sb', 'ca', 'cb', 'sc', 'cd', 'cc']
232;cb;457.6309982530074;2090;4272;6362;1412.51171875;cb_cc_sb_cd_sc_sa_ca_sd;['cb', 'cc', 'sb', 'cd', 'sc', 'sa', 'ca', 'sd']
233;sa;1667.5400329399854;2110;4331;6441;1412.51171875;sa_sc_cb_cc_sd_ca_sb_cd;['sa', 'sc', 'cb', 'cc', 'sd', 'ca', 'sb', 'cd']
234;cb;967.5029774560826;1954;3656;5610;1412.51171875;cb_sc_sd_sa_sb_ca_cc_cd;['cb', 'sc', 'sd', 'sa', 'sb', 'ca', 'cc', 'cd']
235;sb;398.72439290897455;1914;3725;5639;1412.51171875;sb_sa_cc_sc_sd_cb_ca_cd;['sb', 'sa', 'cc', 'sc', 'sd', 'cb', 'ca', 'cd']
236;sa;407.23882236902136;1822;3360;5182;1412.51171875;sa_ca_cb_cc_sd_sb_sc_cd;['sa', 'ca', 'cb', 'cc', 'sd', 'sb', 'sc', 'cd']
237;cd;441.38909991201945;2040;4292;6332;1412.51171875;cd_sd_ca_cc_sb_sa_cb_sc;['cd', 'sd', 'ca', 'cc', 'sb', 'sa', 'cb', 'sc']
238;sb;938.1869438380236;2119;4379;6498;1413.01171875;sb_sa_sd_cd_ca_cc_sc_cb;['sb', 'sa', 'sd', 'cd', 'ca', 'cc', 'sc', 'cb']
239;sc;536.201495582005;1955;3788;5743;1413.01171875;sc_cd_sa_cc_cb_sb_sd_ca;['sc', 'cd', 'sa', 'cc', 'cb', 'sb', 'sd', 'ca']
240;cc;594.1173796730582;1907;3685;5592;1413.01171875;cc_sa_sc_sb_cb_sd_ca_cd;['cc', 'sa', 'sc', 'sb', 'cb', 'sd', 'ca', 'cd']
241;sd;538.3782322679181;1985;3906;5891;1412.02734375;sd_sa_ca_cd_cc_sc_cb_sb;['sd', 'sa', 'ca', 'cd', 'cc', 'sc', 'cb', 'sb']
242;sa;587.1856586479116;2141;4265;6406;1412.02734375;sa_sb_cb_cd_sd_cc_sc_ca;['sa', 'sb', 'cb', 'cd', 'sd', 'cc', 'sc', 'ca']
243;ca;848.9954739169916;2097;4179;6276;1412.02734375;ca_sa_cd_cb_sd_cc_sc_sb;['ca', 'sa', 'cd', 'cb', 'sd', 'cc', 'sc', 'sb']
244;cc;576.3251212339383;2001;4181;6182;1412.02734375;cc_sd_sb_sc_cb_cd_sa_ca;['cc', 'sd', 'sb', 'sc', 'cb', 'cd', 'sa', 'ca']
245;sd;1158.6838569690008;2199;4610;6809;1412.02734375;sd_cb_cd_cc_sa_sc_ca_sb;['sd', 'cb', 'cd', 'cc', 'sa', 'sc', 'ca', 'sb']
246;ca;410.4646235749824;1881;3411;5292;1412.02734375;ca_sa_sd_sb_cb_sc_cc_cd;['ca', 'sa', 'sd', 'sb', 'cb', 'sc', 'cc', 'cd']
247;cc;452.5074833870167;1942;3485;5427;1412.02734375;cc_ca_sd_cb_cd_sc_sb_sa;['cc', 'ca', 'sd', 'cb', 'cd', 'sc', 'sb', 'sa']
248;sd;658.788243877003;2192;4540;6732;1412.02734375;sd_cb_cd_sa_sc_sb_cc_ca;['sd', 'cb', 'cd', 'sa', 'sc', 'sb', 'cc', 'ca']
249;sc;766.8439604140585;2062;4206;6268;1412.02734375;sc_sa_cc_cd_ca_sb_sd_cb;['sc', 'sa', 'cc', 'cd', 'ca', 'sb', 'sd', 'cb']
250;sd;660.2729502280708;2111;4501;6612;1412.02734375;sd_sa_sb_sc_cd_ca_cb_cc;['sd', 'sa', 'sb', 'sc', 'cd', 'ca', 'cb', 'cc']
251;ca;1053.6074362130603;1812;3222;5034;1412.02734375;ca_sb_sa_cb_cc_cd_sc_sd;['ca', 'sb', 'sa', 'cb', 'cc', 'cd', 'sc', 'sd']
252;cb;651.0057123739971;2038;4056;6094;1412.02734375;cb_ca_sb_cc_sd_cd_sc_sa;['cb', 'ca', 'sb', 'cc', 'sd', 'cd', 'sc', 'sa']
253;sc;1681.2715059480397;2090;4051;6141;1412.02734375;sc_ca_cb_sd_cc_cd_sa_sb;['sc', 'ca', 'cb', 'sd', 'cc', 'cd', 'sa', 'sb']
254;ca;309.5556658550631;1840;3257;5097;1412.02734375;ca_sb_cb_sd_sa_cd_sc_cc;['ca', 'sb', 'cb', 'sd', 'sa', 'cd', 'sc', 'cc']
255;sd;689.22411702096;2208;4475;6683;1412.02734375;sd_sc_cc_cb_sa_sb_cd_ca;['sd', 'sc', 'cc', 'cb', 'sa', 'sb', 'cd', 'ca']
256;sc;888.8264199750265;2273;5562;7835;1419.40234375;sc_ca_cd_cb_sd_sb_sa_cc;['sc', 'ca', 'cd', 'cb', 'sd', 'sb', 'sa', 'cc']
257;cd;861.5890150789637;2110;4246;6356;1419.40234375;cd_sd_sb_ca_cb_sc_cc_sa;['cd', 'sd', 'sb', 'ca', 'cb', 'sc', 'cc', 'sa']
258;cc;347.17231007199734;1894;3790;5684;1419.40234375;cc_ca_sb_sc_sd_cb_sa_cd;['cc', 'ca', 'sb', 'sc', 'sd', 'cb', 'sa', 'cd']
259;sc;656.7958139659604;2003;4207;6210;1416.55859375;sc_cc_sb_sd_sa_ca_cd_cb;['sc', 'cc', 'sb', 'sd', 'sa', 'ca', 'cd', 'cb']
260;cd;1115.2256266440963;2166;4653;6819;1420.65234375;cd_sc_cc_sb_cb_sa_ca_sd;['cd', 'sc', 'cc', 'sb', 'cb', 'sa', 'ca', 'sd']
261;cd;1130.2454524569912;2013;3932;5945;1420.65234375;cd_sd_sa_sb_ca_cc_sc_cb;['cd', 'sd', 'sa', 'sb', 'ca', 'cc', 'sc', 'cb']
262;sc;893.7235490269959;2063;4285;6348;1417.69921875;sc_cc_sb_cd_sa_sd_ca_cb;['sc', 'cc', 'sb', 'cd', 'sa', 'sd', 'ca', 'cb']
263;sd;818.1050399770029;1947;3834;5781;1412.77734375;sd_ca_cc_sc_sb_cd_sa_cb;['sd', 'ca', 'cc', 'sc', 'sb', 'cd', 'sa', 'cb']
264;cd;517.7373902800027;1912;3623;5535;1411.79296875;cd_sd_cc_ca_sc_cb_sa_sb;['cd', 'sd', 'cc', 'ca', 'sc', 'cb', 'sa', 'sb']
265;cd;594.6086337990128;2001;4114;6115;1410.80859375;cd_sa_sc_cb_sd_ca_cc_sb;['cd', 'sa', 'sc', 'cb', 'sd', 'ca', 'cc', 'sb']
266;sb;621.7839469129685;2099;4257;6356;1410.80859375;sb_cc_ca_sd_cd_cb_sc_sa;['sb', 'cc', 'ca', 'sd', 'cd', 'cb', 'sc', 'sa']
267;sc;807.6720638460247;1966;3689;5655;1410.80859375;sc_sd_sb_sa_cb_ca_cd_cc;['sc', 'sd', 'sb', 'sa', 'cb', 'ca', 'cd', 'cc']
268;sd;389.470247401041;1818;3331;5149;1410.80859375;sd_ca_sb_cd_cb_sa_cc_sc;['sd', 'ca', 'sb', 'cd', 'cb', 'sa', 'cc', 'sc']
269;ca;597.6629842839902;1950;3584;5534;1410.80859375;ca_sd_sb_cc_cd_sc_cb_sa;['ca', 'sd', 'sb', 'cc', 'cd', 'sc', 'cb', 'sa']
270;ca;622.0484027519124;2187;4636;6823;1410.80859375;ca_sd_sb_sc_cd_cb_cc_sa;['ca', 'sd', 'sb', 'sc', 'cd', 'cb', 'cc', 'sa']
271;sa;2935.3224768210202;2005;3755;5760;1410.80859375;sa_sc_ca_cb_cd_cc_sb_sd;['sa', 'sc', 'ca', 'cb', 'cd', 'cc', 'sb', 'sd']
272;sa;820.2126111310208;1922;3644;5566;1410.80859375;sa_sb_cd_cb_sc_ca_cc_sd;['sa', 'sb', 'cd', 'cb', 'sc', 'ca', 'cc', 'sd']
273;sd;887.811162063037;2044;4134;6178;1410.80859375;sd_cd_ca_cb_cc_sc_sa_sb;['sd', 'cd', 'ca', 'cb', 'cc', 'sc', 'sa', 'sb']
274;cd;512.0667396129575;2129;4365;6494;1409.82421875;cd_ca_sb_sc_sd_cb_cc_sa;['cd', 'ca', 'sb', 'sc', 'sd', 'cb', 'cc', 'sa']
275;cd;780.1517498759786;2036;4000;6036;1409.82421875;cd_ca_sb_sa_sc_sd_cc_cb;['cd', 'ca', 'sb', 'sa', 'sc', 'sd', 'cc', 'cb']
276;cc;765.2037818619283;2066;4231;6297;1409.82421875;cc_sa_ca_sc_cd_cb_sd_sb;['cc', 'sa', 'ca', 'sc', 'cd', 'cb', 'sd', 'sb']
277;cb;698.0914714259561;2100;4446;6546;1409.82421875;cb_sa_sd_cd_cc_ca_sc_sb;['cb', 'sa', 'sd', 'cd', 'cc', 'ca', 'sc', 'sb']
278;sa;516.4451205849182;2098;4216;6314;1409.82421875;sa_cd_cb_sc_sd_sb_cc_ca;['sa', 'cd', 'cb', 'sc', 'sd', 'sb', 'cc', 'ca']
279;cd;713.7148427270586;1897;3566;5463;1409.82421875;cd_sa_sb_cb_sd_ca_cc_sc;['cd', 'sa', 'sb', 'cb', 'sd', 'ca', 'cc', 'sc']
280;cb;1799.5398958600126;2058;4011;6069;1409.82421875;cb_ca_sa_sc_sd_cc_cd_sb;['cb', 'ca', 'sa', 'sc', 'sd', 'cc', 'cd', 'sb']
281;cd;692.9674461680697;1939;3733;5672;1409.82421875;cd_cc_sa_ca_sd_sc_sb_cb;['cd', 'cc', 'sa', 'ca', 'sd', 'sc', 'sb', 'cb']
282;ca;508.4241474849405;2144;4474;6618;1409.82421875;ca_cb_cc_cd_sc_sb_sd_sa;['ca', 'cb', 'cc', 'cd', 'sc', 'sb', 'sd', 'sa']
283;cc;1424.6695232180646;1956;3694;5650;1409.82421875;cc_sb_ca_cd_cb_sa_sc_sd;['cc', 'sb', 'ca', 'cd', 'cb', 'sa', 'sc', 'sd']
284;sb;533.2006864540745;2035;3829;5864;1409.82421875;sb_ca_cb_sd_cd_cc_sc_sa;['sb', 'ca', 'cb', 'sd', 'cd', 'cc', 'sc', 'sa']
285;sd;1340.3636069599306;2328;4956;7284;1415.22265625;sd_cb_cc_sc_sa_ca_sb_cd;['sd', 'cb', 'cc', 'sc', 'sa', 'ca', 'sb', 'cd']
286;sa;498.0329478890635;1890;3429;5319;1415.22265625;sa_cb_sb_cd_ca_sc_cc_sd;['sa', 'cb', 'sb', 'cd', 'ca', 'sc', 'cc', 'sd']
287;ca;664.7255660130177;2117;4318;6435;1413.60546875;ca_sd_sb_cc_sa_sc_cb_cd;['ca', 'sd', 'sb', 'cc', 'sa', 'sc', 'cb', 'cd']
288;sa;1188.097065988928;2143;4345;6488;1413.60546875;sa_ca_sd_cb_sc_cc_sb_cd;['sa', 'ca', 'sd', 'cb', 'sc', 'cc', 'sb', 'cd']
289;sa;518.7838866420789;1906;3680;5586;1412.43359375;sa_ca_cc_sc_sd_sb_cb_cd;['sa', 'ca', 'cc', 'sc', 'sd', 'sb', 'cb', 'cd']
290;cb;1695.347821163945;2057;4152;6209;1412.43359375;cb_cd_ca_sc_cc_sd_sa_sb;['cb', 'cd', 'ca', 'sc', 'cc', 'sd', 'sa', 'sb']
291;cd;682.4801373640075;2266;5449;7715;1411.44921875;cd_sd_cc_sa_sb_cb_ca_sc;['cd', 'sd', 'cc', 'sa', 'sb', 'cb', 'ca', 'sc']
292;sd;574.7434796249727;2030;4052;6082;1411.44921875;sd_cb_sa_cd_cc_ca_sc_sb;['sd', 'cb', 'sa', 'cd', 'cc', 'ca', 'sc', 'sb']
293;cd;1105.0837536699837;1924;3488;5412;1410.57421875;cd_sb_ca_sa_cc_cb_sd_sc;['cd', 'sb', 'ca', 'sa', 'cc', 'cb', 'sd', 'sc']
294;sb;362.64787824905943;1897;3905;5802;1410.57421875;sb_cc_sc_sd_sa_cb_ca_cd;['sb', 'cc', 'sc', 'sd', 'sa', 'cb', 'ca', 'cd']
295;sd;4279.594671569066;1935;3580;5515;1410.57421875;sd_cb_sa_sb_sc_ca_cc_cd;['sd', 'cb', 'sa', 'sb', 'sc', 'ca', 'cc', 'cd']
296;cb;1209.8426657239906;2090;4345;6435;1410.57421875;cb_sa_cd_sc_cc_sd_ca_sb;['cb', 'sa', 'cd', 'sc', 'cc', 'sd', 'ca', 'sb']
297;sb;605.2460293460172;2112;4398;6510;1410.57421875;sb_cc_sc_sa_cd_cb_sd_ca;['sb', 'cc', 'sc', 'sa', 'cd', 'cb', 'sd', 'ca']
298;sc;573.2937987690093;2036;4064;6100;1410.46875;sc_ca_sa_sd_cd_sb_cb_cc;['sc', 'ca', 'sa', 'sd', 'cd', 'sb', 'cb', 'cc']
299;cc;383.4292897549458;1847;3284;5131;1410.46875;cc_sb_ca_sa_cb_cd_sc_sd;['cc', 'sb', 'ca', 'sa', 'cb', 'cd', 'sc', 'sd']
300;ca;577.3202686890727;2020;3988;6008;1410.46875;ca_sb_cd_sd_sa_cb_cc_sc;['ca', 'sb', 'cd', 'sd', 'sa', 'cb', 'cc', 'sc']
301;ca;1174.5916393799707;2146;4249;6395;1410.46875;ca_cb_sb_sd_sc_cc_cd_sa;['ca', 'cb', 'sb', 'sd', 'sc', 'cc', 'cd', 'sa']
302;sb;655.511499372893;2106;4226;6332;1410.46875;sb_sa_sc_cb_sd_cd_ca_cc;['sb', 'sa', 'sc', 'cb', 'sd', 'cd', 'ca', 'cc']
303;cc;1820.4521453100024;2021;4064;6085;1410.46875;cc_sc_ca_cd_sd_sa_sb_cb;['cc', 'sc', 'ca', 'cd', 'sd', 'sa', 'sb', 'cb']
304;sb;411.8080484109232;1900;3508;5408;1409.83984375;sb_ca_sa_cc_cd_cb_sd_sc;['sb', 'ca', 'sa', 'cc', 'cd', 'cb', 'sd', 'sc']
305;sb;466.3757363499608;1854;3199;5053;1410.48828125;sb_sa_ca_cc_cd_cb_sd_sc;['sb', 'sa', 'ca', 'cc', 'cd', 'cb', 'sd', 'sc']
306;cb;808.7233520719456;2010;3911;5921;1410.54296875;cb_cc_sd_sb_ca_sc_sa_cd;['cb', 'cc', 'sd', 'sb', 'ca', 'sc', 'sa', 'cd']
307;cc;664.6986773239914;1932;3584;5516;1410.54296875;cc_sd_sc_ca_cd_cb_sb_sa;['cc', 'sd', 'sc', 'ca', 'cd', 'cb', 'sb', 'sa']
308;sa;344.0101597389439;1817;3392;5209;1410.54296875;sa_ca_cc_sd_sb_cb_cd_sc;['sa', 'ca', 'cc', 'sd', 'sb', 'cb', 'cd', 'sc']
309;sd;3085.182515089982;2122;4371;6493;1410.54296875;sd_sb_cc_sc_cb_cd_sa_ca;['sd', 'sb', 'cc', 'sc', 'cb', 'cd', 'sa', 'ca']
310;ca;417.2805715040304;1978;3956;5934;1410.54296875;ca_cc_cb_sd_sb_sc_sa_cd;['ca', 'cc', 'cb', 'sd', 'sb', 'sc', 'sa', 'cd']
311;cb;666.732178150909;2081;4405;6486;1410.54296875;cb_sc_sd_cc_ca_sa_sb_cd;['cb', 'sc', 'sd', 'cc', 'ca', 'sa', 'sb', 'cd']
312;cd;604.1558434709441;1864;3453;5317;1410.54296875;cd_sd_sc_cc_sa_cb_sb_ca;['cd', 'sd', 'sc', 'cc', 'sa', 'cb', 'sb', 'ca']
313;sc;593.0048404328991;2100;4442;6542;1410.54296875;sc_sd_cc_sb_sa_ca_cb_cd;['sc', 'sd', 'cc', 'sb', 'sa', 'ca', 'cb', 'cd']
314;cb;985.8891729299212;2155;4382;6537;1410.54296875;cb_sa_sd_sc_sb_cd_cc_ca;['cb', 'sa', 'sd', 'sc', 'sb', 'cd', 'cc', 'ca']
315;cb;528.3504697589669;2069;3842;5911;1410.54296875;cb_ca_sd_cc_cd_sc_sb_sa;['cb', 'ca', 'sd', 'cc', 'cd', 'sc', 'sb', 'sa']
316;sc;706.061104657012;1933;3571;5504;1410.54296875;sc_cd_sa_sd_cc_cb_ca_sb;['sc', 'cd', 'sa', 'sd', 'cc', 'cb', 'ca', 'sb']
317;sd;914.9946230190108;2192;4510;6702;1409.80859375;sd_cd_sc_cb_sb_ca_cc_sa;['sd', 'cd', 'sc', 'cb', 'sb', 'ca', 'cc', 'sa']
318;sa;372.75241378799547;1841;3350;5191;1409.80859375;sa_cb_sc_cd_ca_sb_cc_sd;['sa', 'cb', 'sc', 'cd', 'ca', 'sb', 'cc', 'sd']
319;sd;396.97745981800836;1932;3720;5652;1409.80859375;sd_cb_sb_cc_sa_ca_sc_cd;['sd', 'cb', 'sb', 'cc', 'sa', 'ca', 'sc', 'cd']
320;sc;822.8427558080293;2039;4312;6351;1409.80859375;sc_sa_cd_sd_sb_cc_ca_cb;['sc', 'sa', 'cd', 'sd', 'sb', 'cc', 'ca', 'cb']
321;sa;311.0517370060552;1731;2977;4708;1409.81640625;sa_sb_ca_cb_sc_cd_cc_sd;['sa', 'sb', 'ca', 'cb', 'sc', 'cd', 'cc', 'sd']
322;sb;1553.1185749369906;2052;4051;6103;1409.81640625;sb_sd_cb_ca_sc_cd_sa_cc;['sb', 'sd', 'cb', 'ca', 'sc', 'cd', 'sa', 'cc']
323;sa;995.9625894170022;2064;4118;6182;1408.88671875;sa_cb_cc_cd_sc_sd_ca_sb;['sa', 'cb', 'cc', 'cd', 'sc', 'sd', 'ca', 'sb']
324;cb;562.5315042500151;1915;3459;5374;1408.88671875;cb_sc_cc_sa_cd_sd_sb_ca;['cb', 'sc', 'cc', 'sa', 'cd', 'sd', 'sb', 'ca']
325;cb;693.3735913699493;1944;3752;5696;1408.45703125;cb_sc_cc_ca_sb_cd_sa_sd;['cb', 'sc', 'cc', 'ca', 'sb', 'cd', 'sa', 'sd']
326;ca;345.02424939593766;1878;3397;5275;1407.89453125;ca_sa_cd_sb_cc_cb_sd_sc;['ca', 'sa', 'cd', 'sb', 'cc', 'cb', 'sd', 'sc']
327;cb;2922.3509837849997;2301;5190;7491;1412.2109375;cb_sd_sc_sa_cc_sb_ca_cd;['cb', 'sd', 'sc', 'sa', 'cc', 'sb', 'ca', 'cd']
328;cd;1115.8125112599228;1988;4084;6072;1412.2109375;cd_sc_sa_ca_sb_cc_sd_cb;['cd', 'sc', 'sa', 'ca', 'sb', 'cc', 'sd', 'cb']
329;cc;412.3184781029122;1959;3665;5624;1411.25390625;cc_sb_cb_ca_cd_sa_sd_sc;['cc', 'sb', 'cb', 'ca', 'cd', 'sa', 'sd', 'sc']
330;ca;552.4716277810512;1835;3315;5150;1409.28515625;ca_sd_sa_sb_cc_cb_cd_sc;['ca', 'sd', 'sa', 'sb', 'cc', 'cb', 'cd', 'sc']
331;cd;439.66052781802136;1981;4011;5992;1409.28515625;cd_cb_sb_ca_sc_sd_sa_cc;['cd', 'cb', 'sb', 'ca', 'sc', 'sd', 'sa', 'cc']
332;sb;1021.2268041688949;2192;4794;6986;1409.28515625;sb_sd_ca_cd_cc_sc_sa_cb;['sb', 'sd', 'ca', 'cd', 'cc', 'sc', 'sa', 'cb']
333;sb;475.9111590589164;2088;4303;6391;1408.1796875;sb_cd_sc_sd_sa_cb_cc_ca;['sb', 'cd', 'sc', 'sd', 'sa', 'cb', 'cc', 'ca']
334;sa;646.7298797940603;2039;4294;6333;1409.00390625;sa_sc_cb_sd_cd_sb_ca_cc;['sa', 'sc', 'cb', 'sd', 'cd', 'sb', 'ca', 'cc']
335;cb;1253.0104571459815;2082;4219;6301;1409.42578125;cb_ca_sb_cd_cc_sd_sa_sc;['cb', 'ca', 'sb', 'cd', 'cc', 'sd', 'sa', 'sc']
336;sa;432.28362686303444;1763;3175;4938;1408.234375;sa_cb_cc_ca_sc_sb_sd_cd;['sa', 'cb', 'cc', 'ca', 'sc', 'sb', 'sd', 'cd']
337;cc;720.2991395499557;2161;4475;6636;1408.41015625;cc_sb_sa_sc_cb_cd_sd_ca;['cc', 'sb', 'sa', 'sc', 'cb', 'cd', 'sd', 'ca']
338;sd;3186.520898181945;1972;3721;5693;1408.41015625;sd_cd_sa_cb_sc_cc_ca_sb;['sd', 'cd', 'sa', 'cb', 'sc', 'cc', 'ca', 'sb']
339;sd;1154.5466000420274;1964;3998;5962;1407.9375;sd_sa_cd_sb_cc_ca_cb_sc;['sd', 'sa', 'cd', 'sb', 'cc', 'ca', 'cb', 'sc']
340;cb;775.2542597659631;1883;3584;5467;1407.91015625;cb_ca_sb_cc_sd_sa_sc_cd;['cb', 'ca', 'sb', 'cc', 'sd', 'sa', 'sc', 'cd']
341;sb;601.3333135430003;1946;3718;5664;1408.05078125;sb_sa_cb_cc_cd_ca_sc_sd;['sb', 'sa', 'cb', 'cc', 'cd', 'ca', 'sc', 'sd']
342;cc;867.3239518239861;2076;4060;6136;1408.62890625;cc_ca_sa_cd_sd_sb_sc_cb;['cc', 'ca', 'sa', 'cd', 'sd', 'sb', 'sc', 'cb']
343;sd;1007.5930580639979;2037;4109;6146;1407.97265625;sd_sb_cc_cb_sa_sc_cd_ca;['sd', 'sb', 'cc', 'cb', 'sa', 'sc', 'cd', 'ca']
344;cc;610.5554697930347;2226;4886;7112;1412.34765625;cc_sa_cd_sd_cb_sb_ca_sc;['cc', 'sa', 'cd', 'sd', 'cb', 'sb', 'ca', 'sc']
345;ca;1133.3559655999998;1868;3506;5374;1412.94921875;ca_sa_cb_sd_cd_cc_sb_sc;['ca', 'sa', 'cb', 'sd', 'cd', 'cc', 'sb', 'sc']
346;sc;1426.740974867018;2006;4084;6090;1409.12109375;sc_cd_sa_sd_ca_cb_cc_sb;['sc', 'cd', 'sa', 'sd', 'ca', 'cb', 'cc', 'sb']
347;sb;661.4848278200952;2043;4299;6342;1408.6015625;sb_cc_cd_sc_ca_sa_sd_cb;['sb', 'cc', 'cd', 'sc', 'ca', 'sa', 'sd', 'cb']
348;sc;1109.763025983004;2158;4498;6656;1408.6015625;sc_cc_sb_cb_sd_cd_sa_ca;['sc', 'cc', 'sb', 'cb', 'sd', 'cd', 'sa', 'ca']
349;sd;1616.847639419022;1913;3551;5464;1409.4609375;sd_cc_sa_ca_sb_cb_cd_sc;['sd', 'cc', 'sa', 'ca', 'sb', 'cb', 'cd', 'sc']
350;cd;457.87163384410087;2057;3957;6014;1409.91796875;cd_cb_ca_cc_sd_sc_sb_sa;['cd', 'cb', 'ca', 'cc', 'sd', 'sc', 'sb', 'sa']
351;sd;499.05464145203587;2100;4317;6417;1409.91796875;sd_cb_sa_cc_sc_sb_cd_ca;['sd', 'cb', 'sa', 'cc', 'sc', 'sb', 'cd', 'ca']
352;cc;2947.8406420879764;2056;4123;6179;1409.91796875;cc_cd_ca_cb_sa_sc_sd_sb;['cc', 'cd', 'ca', 'cb', 'sa', 'sc', 'sd', 'sb']
353;cc;663.6274079410359;2134;4417;6551;1409.91796875;cc_cd_sb_sa_sd_cb_sc_ca;['cc', 'cd', 'sb', 'sa', 'sd', 'cb', 'sc', 'ca']
354;sa;601.5005080309929;1924;3654;5578;1409.91796875;sa_cc_sd_cb_cd_sc_ca_sb;['sa', 'cc', 'sd', 'cb', 'cd', 'sc', 'ca', 'sb']
355;sd;918.5079065359896;2189;4707;6896;1413.65234375;sd_cc_sc_cb_sb_sa_ca_cd;['sd', 'cc', 'sc', 'cb', 'sb', 'sa', 'ca', 'cd']
356;sa;847.8762453220552;2156;4311;6467;1413.65234375;sa_ca_sd_cb_sc_cc_sb_cd;['sa', 'ca', 'sd', 'cb', 'sc', 'cc', 'sb', 'cd']
357;cc;576.0459692350123;2088;4280;6368;1413.65234375;cc_sa_sc_cb_sd_ca_cd_sb;['cc', 'sa', 'sc', 'cb', 'sd', 'ca', 'cd', 'sb']
358;cc;601.4632520240266;2068;4439;6507;1413.65234375;cc_sb_sd_sa_sc_ca_cd_cb;['cc', 'sb', 'sd', 'sa', 'sc', 'ca', 'cd', 'cb']
359;cc;1089.3966679590521;2069;3696;5765;1413.65234375;cc_sb_cd_sd_sa_sc_cb_ca;['cc', 'sb', 'cd', 'sd', 'sa', 'sc', 'cb', 'ca']
360;cd;667.5887726290384;2116;4476;6592;1412.66796875;cd_cb_ca_cc_sd_sb_sc_sa;['cd', 'cb', 'ca', 'cc', 'sd', 'sb', 'sc', 'sa']
361;cd;479.06395764206536;1928;3737;5665;1412.66796875;cd_sd_ca_cb_sa_sb_cc_sc;['cd', 'sd', 'ca', 'cb', 'sa', 'sb', 'cc', 'sc']
362;cb;592.7211016120855;2050;4150;6200;1412.66796875;cb_sc_cc_ca_sd_sa_sb_cd;['cb', 'sc', 'cc', 'ca', 'sd', 'sa', 'sb', 'cd']
363;cd;500.1523849859368;2028;4024;6052;1412.66796875;cd_ca_sd_sb_cc_cb_sc_sa;['cd', 'ca', 'sd', 'sb', 'cc', 'cb', 'sc', 'sa']
364;cb;270.97400809498504;1724;2996;4720;1412.66796875;cb_sa_ca_sb_sd_cd_sc_cc;['cb', 'sa', 'ca', 'sb', 'sd', 'cd', 'sc', 'cc']
365;sc;591.218533740961;2052;4190;6242;1413.0625;sc_cc_cb_sd_ca_cd_sa_sb;['sc', 'cc', 'cb', 'sd', 'ca', 'cd', 'sa', 'sb']
366;cc;1069.9530262529152;2013;4073;6086;1413.0625;cc_ca_sd_sc_sa_cb_cd_sb;['cc', 'ca', 'sd', 'sc', 'sa', 'cb', 'cd', 'sb']
367;sd;1439.3707948100055;2171;4411;6582;1413.73828125;sd_cd_sb_sc_cc_ca_sa_cb;['sd', 'cd', 'sb', 'sc', 'cc', 'ca', 'sa', 'cb']
368;sd;479.1794627360068;2164;4466;6630;1413.73828125;sd_sc_cd_sb_sa_cb_cc_ca;['sd', 'sc', 'cd', 'sb', 'sa', 'cb', 'cc', 'ca']
369;sa;508.40695683902595;1897;3685;5582;1412.75390625;sa_sb_sc_cc_cb_cd_ca_sd;['sa', 'sb', 'sc', 'cc', 'cb', 'cd', 'ca', 'sd']
370;sa;425.37347456999123;1968;3835;5803;1411.76953125;sa_sb_sd_cc_cb_cd_ca_sc;['sa', 'sb', 'sd', 'cc', 'cb', 'cd', 'ca', 'sc']
371;ca;421.59280910890084;1754;3165;4919;1411.76953125;ca_sb_sc_sa_cc_cb_cd_sd;['ca', 'sb', 'sc', 'sa', 'cc', 'cb', 'cd', 'sd']
372;cd;1846.570795123931;2119;4292;6411;1410.78515625;cd_cb_sc_sd_sb_cc_ca_sa;['cd', 'cb', 'sc', 'sd', 'sb', 'cc', 'ca', 'sa']
373;sb;1053.017544570961;2058;3970;6028;1410.78515625;sb_cc_ca_sd_cb_sc_cd_sa;['sb', 'cc', 'ca', 'sd', 'cb', 'sc', 'cd', 'sa']
374;sa;667.8642213260755;1992;3797;5789;1410.78515625;sa_cb_sc_cc_ca_sd_sb_cd;['sa', 'cb', 'sc', 'cc', 'ca', 'sd', 'sb', 'cd']
375;sd;450.7084889860125;1859;3571;5430;1410.78515625;sd_cb_ca_cd_sa_cc_sb_sc;['sd', 'cb', 'ca', 'cd', 'sa', 'cc', 'sb', 'sc']
376;cd;474.1957553069806;2079;4357;6436;1410.78515625;cd_sb_sc_sa_sd_cb_cc_ca;['cd', 'sb', 'sc', 'sa', 'sd', 'cb', 'cc', 'ca']
377;sb;1479.013005492976;2226;4513;6739;1410.78515625;sb_sa_cd_cc_ca_sc_cb_sd;['sb', 'sa', 'cd', 'cc', 'ca', 'sc', 'cb', 'sd']
378;sd;381.57290172507055;1937;3484;5421;1410.78515625;sd_ca_sc_sb_sa_cb_cd_cc;['sd', 'ca', 'sc', 'sb', 'sa', 'cb', 'cd', 'cc']
379;cd;1496.9031600150047;2051;4070;6121;1410.78515625;cd_cb_sb_sc_sd_cc_ca_sa;['cd', 'cb', 'sb', 'sc', 'sd', 'cc', 'ca', 'sa']
380;cb;861.6173867640318;2091;4329;6420;1410.78515625;cb_ca_sc_sd_sb_cc_sa_cd;['cb', 'ca', 'sc', 'sd', 'sb', 'cc', 'sa', 'cd']
381;cc;849.8409490539925;2078;4053;6131;1410.78515625;cc_sb_cb_cd_sd_ca_sc_sa;['cc', 'sb', 'cb', 'cd', 'sd', 'ca', 'sc', 'sa']
382;sa;668.475545717054;1973;4010;5983;1410.78515625;sa_cb_sd_cc_cd_ca_sb_sc;['sa', 'cb', 'sd', 'cc', 'cd', 'ca', 'sb', 'sc']
383;sb;444.2277066229144;2089;4210;6299;1410.78515625;sb_cb_cc_cd_sc_sa_ca_sd;['sb', 'cb', 'cc', 'cd', 'sc', 'sa', 'ca', 'sd']
384;ca;636.6316128659528;2031;3998;6029;1410.78515625;ca_sb_sc_cb_cc_sd_sa_cd;['ca', 'sb', 'sc', 'cb', 'cc', 'sd', 'sa', 'cd']
385;ca;775.2397263670573;2112;4287;6399;1410.78515625;ca_cc_sa_sb_cd_sd_cb_sc;['ca', 'cc', 'sa', 'sb', 'cd', 'sd', 'cb', 'sc']
386;sc;455.6453792130342;1918;4068;5986;1410.78515625;sc_cc_ca_cd_sb_sa_cb_sd;['sc', 'cc', 'ca', 'cd', 'sb', 'sa', 'cb', 'sd']
387;cb;1511.496023970889;1788;3136;4924;1410.78515625;cb_ca_cc_sa_sb_sc_cd_sd;['cb', 'ca', 'cc', 'sa', 'sb', 'sc', 'cd', 'sd']
388;sb;636.9003243820043;2145;4458;6603;1410.78515625;sb_cd_cc_sa_sc_cb_sd_ca;['sb', 'cd', 'cc', 'sa', 'sc', 'cb', 'sd', 'ca']
389;ca;778.2186611830257;2175;4550;6725;1410.78515625;ca_cd_cb_cc_sd_sa_sb_sc;['ca', 'cd', 'cb', 'cc', 'sd', 'sa', 'sb', 'sc']
390;cd;466.02848018403165;1975;3658;5633;1410.78515625;cd_ca_cc_cb_sc_sd_sb_sa;['cd', 'ca', 'cc', 'cb', 'sc', 'sd', 'sb', 'sa']
391;ca;891.7298660369124;2042;4058;6100;1410.78515625;ca_sb_sc_cd_sa_cc_sd_cb;['ca', 'sb', 'sc', 'cd', 'sa', 'cc', 'sd', 'cb']
392;sb;969.807798836031;2333;5726;8059;1414.109375;sb_cd_sc_ca_cc_cb_sa_sd;['sb', 'cd', 'sc', 'ca', 'cc', 'cb', 'sa', 'sd']
393;cb;613.714814184932;2046;4163;6209;1414.109375;cb_ca_cd_cc_sc_sa_sd_sb;['cb', 'ca', 'cd', 'cc', 'sc', 'sa', 'sd', 'sb']
394;cd;1606.9839526870055;2017;4031;6048;1414.109375;cd_ca_cc_sa_sd_sc_sb_cb;['cd', 'ca', 'cc', 'sa', 'sd', 'sc', 'sb', 'cb']
395;sb;631.9654225209961;2144;4425;6569;1413.125;sb_sd_sa_cc_ca_sc_cb_cd;['sb', 'sd', 'sa', 'cc', 'ca', 'sc', 'cb', 'cd']
396;cc;450.26043190201744;1856;3438;5294;1412.140625;cc_cd_sc_sd_sa_ca_cb_sb;['cc', 'cd', 'sc', 'sd', 'sa', 'ca', 'cb', 'sb']
397;cd;512.0155815799953;2149;4510;6659;1411.15625;cd_cc_sb_cb_sc_sa_ca_sd;['cd', 'cc', 'sb', 'cb', 'sc', 'sa', 'ca', 'sd']
398;ca;767.3460532620084;1875;3398;5273;1411.15625;ca_cb_sa_sc_sb_sd_cd_cc;['ca', 'cb', 'sa', 'sc', 'sb', 'sd', 'cd', 'cc']
399;ca;461.7383357679937;1927;3525;5452;1411.15625;ca_cd_sc_cc_sd_cb_sb_sa;['ca', 'cd', 'sc', 'cc', 'sd', 'cb', 'sb', 'sa']
400;sa;610.2315486359876;1907;3900;5807;1411.15625;sa_cc_sd_cd_ca_sc_cb_sb;['sa', 'cc', 'sd', 'cd', 'ca', 'sc', 'cb', 'sb']
401;cc;510.6656630190555;1925;3585;5510;1411.15625;cc_sb_sa_cb_ca_cd_sc_sd;['cc', 'sb', 'sa', 'cb', 'ca', 'cd', 'sc', 'sd']
402;sd;456.15905349096283;2109;4326;6435;1411.15625;sd_cc_cb_sc_sa_sb_cd_ca;['sd', 'cc', 'cb', 'sc', 'sa', 'sb', 'cd', 'ca']
403;cb;1652.2949850989971;2104;4460;6564;1411.15625;cb_cc_sc_cd_sa_ca_sd_sb;['cb', 'cc', 'sc', 'cd', 'sa', 'ca', 'sd', 'sb']
404;sb;576.8390714969719;1989;3757;5746;1411.15625;sb_sc_sd_ca_cc_cd_cb_sa;['sb', 'sc', 'sd', 'ca', 'cc', 'cd', 'cb', 'sa']
405;sb;2541.909819605993;2119;4623;6742;1411.15625;sb_sd_cd_sc_cb_sa_ca_cc;['sb', 'sd', 'cd', 'sc', 'cb', 'sa', 'ca', 'cc']
406;cc;510.89458402304444;1960;3908;5868;1411.15625;cc_sd_sa_cd_sc_ca_cb_sb;['cc', 'sd', 'sa', 'cd', 'sc', 'ca', 'cb', 'sb']
407;cd;529.616974343895;2229;4815;7044;1411.15625;cd_sd_cb_cc_sb_sa_ca_sc;['cd', 'sd', 'cb', 'cc', 'sb', 'sa', 'ca', 'sc']
408;ca;665.744244348025;2297;4916;7213;1411.15625;ca_cd_sb_sc_cc_sa_cb_sd;['ca', 'cd', 'sb', 'sc', 'cc', 'sa', 'cb', 'sd']
409;sc;579.9385500469944;2042;4013;6055;1411.15625;sc_sd_sa_cc_cb_cd_ca_sb;['sc', 'sd', 'sa', 'cc', 'cb', 'cd', 'ca', 'sb']
410;ca;658.8648634060519;1960;3883;5843;1411.15625;ca_cd_sa_sc_cc_sb_cb_sd;['ca', 'cd', 'sa', 'sc', 'cc', 'sb', 'cb', 'sd']
411;cd;1863.356268274947;2127;4290;6417;1411.15625;cd_ca_cb_sb_cc_sd_sc_sa;['cd', 'ca', 'cb', 'sb', 'cc', 'sd', 'sc', 'sa']
412;cd;562.2484527090564;2009;3555;5564;1411.15625;cd_cc_sa_sc_cb_sd_sb_ca;['cd', 'cc', 'sa', 'sc', 'cb', 'sd', 'sb', 'ca']
413;sb;732.9506928779883;2078;4127;6205;1411.15625;sb_ca_sc_cb_cd_sd_cc_sa;['sb', 'ca', 'sc', 'cb', 'cd', 'sd', 'cc', 'sa']
414;sb;851.3491474909242;2066;4145;6211;1411.15625;sb_cd_sc_cb_sd_cc_ca_sa;['sb', 'cd', 'sc', 'cb', 'sd', 'cc', 'ca', 'sa']
415;sb;495.5307739189593;1989;4077;6066;1411.15625;sb_sc_cc_cd_cb_sd_ca_sa;['sb', 'sc', 'cc', 'cd', 'cb', 'sd', 'ca', 'sa']
416;sb;521.6426428769482;2143;4337;6480;1411.15625;sb_cc_sa_cd_sc_cb_sd_ca;['sb', 'cc', 'sa', 'cd', 'sc', 'cb', 'sd', 'ca']
417;sa;706.4232320979936;2142;4369;6511;1411.15625;sa_cd_cb_ca_sd_cc_sc_sb;['sa', 'cd', 'cb', 'ca', 'sd', 'cc', 'sc', 'sb']
418;cb;524.5167471800232;2151;4317;6468;1411.15625;cb_sd_sb_cd_sa_sc_cc_ca;['cb', 'sd', 'sb', 'cd', 'sa', 'sc', 'cc', 'ca']
419;sd;630.3082523070043;2127;4437;6564;1411.15625;sd_sc_cd_cb_ca_sa_cc_sb;['sd', 'sc', 'cd', 'cb', 'ca', 'sa', 'cc', 'sb']
420;sb;776.4357367720222;1880;3471;5351;1411.15625;sb_sc_cb_ca_cc_sa_sd_cd;['sb', 'sc', 'cb', 'ca', 'cc', 'sa', 'sd', 'cd']
421;cd;1072.8777513409732;2122;4214;6336;1411.15625;cd_cb_sd_sb_cc_sa_sc_ca;['cd', 'cb', 'sd', 'sb', 'cc', 'sa', 'sc', 'ca']
422;sd;394.4903463619994;1891;3360;5251;1411.15625;sd_cb_sa_ca_sc_sb_cc_cd;['sd', 'cb', 'sa', 'ca', 'sc', 'sb', 'cc', 'cd']
423;sd;1487.3247768610017;1960;3617;5577;1411.15625;sd_cb_sa_sb_sc_ca_cd_cc;['sd', 'cb', 'sa', 'sb', 'sc', 'ca', 'cd', 'cc']
424;cb;375.70270730601624;2018;3811;5829;1411.15625;cb_sb_sd_cd_ca_cc_sc_sa;['cb', 'sb', 'sd', 'cd', 'ca', 'cc', 'sc', 'sa']
425;cb;539.9129909900948;2118;4338;6456;1411.15625;cb_sc_sa_cc_cd_sb_sd_ca;['cb', 'sc', 'sa', 'cc', 'cd', 'sb', 'sd', 'ca']
426;ca;676.730381501955;2023;3864;5887;1411.15625;ca_cd_sa_sb_sd_sc_cc_cb;['ca', 'cd', 'sa', 'sb', 'sd', 'sc', 'cc', 'cb']
427;ca;629.1570355839795;2024;3757;5781;1411.15625;ca_cb_sb_cc_sc_sd_cd_sa;['ca', 'cb', 'sb', 'cc', 'sc', 'sd', 'cd', 'sa']
428;cc;1081.1767548749922;2041;4362;6403;1411.15625;cc_ca_sb_sd_sc_cd_sa_cb;['cc', 'ca', 'sb', 'sd', 'sc', 'cd', 'sa', 'cb']
429;cd;694.3261985599529;2065;4007;6072;1411.15625;cd_sd_cb_sa_ca_sc_cc_sb;['cd', 'sd', 'cb', 'sa', 'ca', 'sc', 'cc', 'sb']
430;cc;388.7514015259221;2014;3731;5745;1411.15625;cc_ca_sa_sb_sd_sc_cb_cd;['cc', 'ca', 'sa', 'sb', 'sd', 'sc', 'cb', 'cd']
431;sd;532.6915112489369;1860;3293;5153;1411.15625;sd_cb_cc_sc_cd_sb_ca_sa;['sd', 'cb', 'cc', 'sc', 'cd', 'sb', 'ca', 'sa']
432;sa;819.4644756859634;2233;5313;7546;1432.35546875;sa_sc_cd_sd_cb_sb_ca_cc;['sa', 'sc', 'cd', 'sd', 'cb', 'sb', 'ca', 'cc']
433;ca;356.90415828092955;1738;2993;4731;1432.35546875;ca_sa_sb_cb_sc_cd_sd_cc;['ca', 'sa', 'sb', 'cb', 'sc', 'cd', 'sd', 'cc']
434;sb;561.1195711410837;2087;4140;6227;1424.48046875;sb_cc_ca_sa_cd_sd_cb_sc;['sb', 'cc', 'ca', 'sa', 'cd', 'sd', 'cb', 'sc']
435;ca;4777.754460974946;2036;4008;6044;1577.98046875;ca_sa_cd_sb_cc_sc_sd_cb;['ca', 'sa', 'cd', 'sb', 'cc', 'sc', 'sd', 'cb']
436;sd;731.8512054979801;2136;4708;6844;1577.98046875;sd_ca_sc_sb_cc_cb_sa_cd;['sd', 'ca', 'sc', 'sb', 'cc', 'cb', 'sa', 'cd']
437;cb;533.7824587369105;2148;4285;6433;1459.58984375;cb_cd_sb_sd_sa_cc_sc_ca;['cb', 'cd', 'sb', 'sd', 'sa', 'cc', 'sc', 'ca']
438;sa;595.3163437959738;1972;3856;5828;1459.58984375;sa_sd_ca_cd_cc_sc_cb_sb;['sa', 'sd', 'ca', 'cd', 'cc', 'sc', 'cb', 'sb']
439;ca;280.4559280539397;1800;3252;5052;1459.58984375;ca_sa_sc_cd_cb_sb_cc_sd;['ca', 'sa', 'sc', 'cd', 'cb', 'sb', 'cc', 'sd']
440;sb;596.3241077030543;1834;3374;5208;1459.58984375;sb_sa_cb_sd_ca_cc_cd_sc;['sb', 'sa', 'cb', 'sd', 'ca', 'cc', 'cd', 'sc']
441;sc;570.6840832579182;2072;4181;6253;1459.58984375;sc_ca_cd_cb_sa_sd_sb_cc;['sc', 'ca', 'cd', 'cb', 'sa', 'sd', 'sb', 'cc']
442;cd;1560.0977408540202;2088;4056;6144;1457.62109375;cd_ca_sd_sb_sa_cc_sc_cb;['cd', 'ca', 'sd', 'sb', 'sa', 'cc', 'sc', 'cb']
443;cd;685.275031659985;1951;3875;5826;1456.63671875;cd_ca_sd_sc_cc_sa_cb_sb;['cd', 'ca', 'sd', 'sc', 'cc', 'sa', 'cb', 'sb']
444;cc;692.7183330269763;2088;4136;6224;1456.63671875;cc_cb_sa_sc_ca_sb_cd_sd;['cc', 'cb', 'sa', 'sc', 'ca', 'sb', 'cd', 'sd']
445;sa;353.84424950694665;1748;3027;4775;1456.63671875;sa_cb_sb_cc_ca_sc_sd_cd;['sa', 'cb', 'sb', 'cc', 'ca', 'sc', 'sd', 'cd']
446;cb;538.0674362489954;1997;3504;5501;1456.63671875;cb_cc_sc_cd_sd_sa_sb_ca;['cb', 'cc', 'sc', 'cd', 'sd', 'sa', 'sb', 'ca']
447;sa;798.0327778450446;2053;4017;6070;1456.63671875;sa_sd_sc_ca_cd_sb_cc_cb;['sa', 'sd', 'sc', 'ca', 'cd', 'sb', 'cc', 'cb']
448;cc;746.8633872120408;1947;3742;5689;1456.63671875;cc_sc_sb_sa_cb_sd_ca_cd;['cc', 'sc', 'sb', 'sa', 'cb', 'sd', 'ca', 'cd']
449;sb;460.4270927279722;1986;3734;5720;1456.63671875;sb_sc_sd_cc_ca_cd_cb_sa;['sb', 'sc', 'sd', 'cc', 'ca', 'cd', 'cb', 'sa']
450;cb;410.2088001369266;1886;3685;5571;1456.63671875;cb_sa_cd_sc_sd_sb_ca_cc;['cb', 'sa', 'cd', 'sc', 'sd', 'sb', 'ca', 'cc']
451;ca;630.8941000549821;1994;4013;6007;1456.63671875;ca_sd_sc_cc_cd_sa_cb_sb;['ca', 'sd', 'sc', 'cc', 'cd', 'sa', 'cb', 'sb']
452;ca;358.27474268805236;1816;3183;4999;1456.63671875;ca_cb_sb_sc_sa_cc_sd_cd;['ca', 'cb', 'sb', 'sc', 'sa', 'cc', 'sd', 'cd']
453;sd;322.41180726198945;1807;3310;5117;1456.63671875;sd_cb_cd_sb_ca_sa_cc_sc;['sd', 'cb', 'cd', 'sb', 'ca', 'sa', 'cc', 'sc']
454;sa;3082.836654820945;2138;4455;6593;1456.63671875;sa_cb_cd_sd_ca_cc_sc_sb;['sa', 'cb', 'cd', 'sd', 'ca', 'cc', 'sc', 'sb']
455;sc;302.4412961381022;1810;3344;5154;1456.63671875;sc_sb_cb_ca_cc_sa_cd_sd;['sc', 'sb', 'cb', 'ca', 'cc', 'sa', 'cd', 'sd']
456;sd;514.516218455974;1906;3465;5371;1456.63671875;sd_sa_sc_sb_ca_cb_cd_cc;['sd', 'sa', 'sc', 'sb', 'ca', 'cb', 'cd', 'cc']
457;cd;858.0744792749174;2180;4619;6799;1456.63671875;cd_sa_sb_cc_cb_sd_ca_sc;['cd', 'sa', 'sb', 'cc', 'cb', 'sd', 'ca', 'sc']
458;sb;518.7098251909483;1967;3735;5702;1456.63671875;sb_cb_cd_sa_ca_cc_sc_sd;['sb', 'cb', 'cd', 'sa', 'ca', 'cc', 'sc', 'sd']
459;cd;520.5920235529775;1935;3736;5671;1456.63671875;cd_ca_sb_sd_cb_sa_cc_sc;['cd', 'ca', 'sb', 'sd', 'cb', 'sa', 'cc', 'sc']
460;sa;666.8534026900306;1966;4025;5991;1456.63671875;sa_sd_cc_cd_sc_ca_sb_cb;['sa', 'sd', 'cc', 'cd', 'sc', 'ca', 'sb', 'cb']
461;sb;1030.5143750779098;1804;3117;4921;1456.63671875;sb_ca_sa_cb_sc_cd_cc_sd;['sb', 'ca', 'sa', 'cb', 'sc', 'cd', 'cc', 'sd']
462;sb;2245.2785095470026;1901;3435;5336;1456.63671875;sb_cd_ca_sa_cb_cc_sc_sd;['sb', 'cd', 'ca', 'sa', 'cb', 'cc', 'sc', 'sd']
463;cd;685.8077724060277;2165;4429;6594;1456.63671875;cd_cb_sa_ca_sc_cc_sb_sd;['cd', 'cb', 'sa', 'ca', 'sc', 'cc', 'sb', 'sd']
464;sb;511.13788343500346;2090;4159;6249;1456.63671875;sb_cc_sc_cb_sd_sa_cd_ca;['sb', 'cc', 'sc', 'cb', 'sd', 'sa', 'cd', 'ca']
465;sc;522.6914780159714;1938;3916;5854;1456.63671875;sc_cc_ca_sb_cd_sa_cb_sd;['sc', 'cc', 'ca', 'sb', 'cd', 'sa', 'cb', 'sd']
466;cd;867.2929181769723;2059;4181;6240;1456.63671875;cd_cb_sd_sa_sb_cc_ca_sc;['cd', 'cb', 'sd', 'sa', 'sb', 'cc', 'ca', 'sc']
467;cb;481.4873534149956;1904;3684;5588;1456.63671875;cb_cc_sb_sd_ca_sa_sc_cd;['cb', 'cc', 'sb', 'sd', 'ca', 'sa', 'sc', 'cd']
468;sb;1089.124346313998;1821;3508;5329;1456.63671875;sb_sd_ca_sa_cd_cb_sc_cc;['sb', 'sd', 'ca', 'sa', 'cd', 'cb', 'sc', 'cc']
469;cb;461.38850603892934;1947;4033;5980;1456.63671875;cb_sc_cc_cd_ca_sb_sa_sd;['cb', 'sc', 'cc', 'cd', 'ca', 'sb', 'sa', 'sd']
470;sa;1609.1229392980458;2068;4054;6122;1456.63671875;sa_cd_sc_sb_cb_cc_sd_ca;['sa', 'cd', 'sc', 'sb', 'cb', 'cc', 'sd', 'ca']
471;sc;1081.8674339849968;1971;3829;5800;1456.63671875;sc_sd_cd_sa_cc_cb_ca_sb;['sc', 'sd', 'cd', 'sa', 'cc', 'cb', 'ca', 'sb']
472;cc;322.32221357303206;1836;3404;5240;1456.63671875;cc_sb_cb_cd_sc_sd_sa_ca;['cc', 'sb', 'cb', 'cd', 'sc', 'sd', 'sa', 'ca']
473;cc;621.4482914890395;1899;3726;5625;1456.63671875;cc_sa_sb_sc_cb_sd_ca_cd;['cc', 'sa', 'sb', 'sc', 'cb', 'sd', 'ca', 'cd']
474;cb;803.5664205839857;2109;4516;6625;1456.63671875;cb_cd_sd_cc_sa_ca_sc_sb;['cb', 'cd', 'sd', 'cc', 'sa', 'ca', 'sc', 'sb']
475;ca;364.93726602604147;1902;3771;5673;1456.63671875;ca_cb_sc_cc_cd_sb_sa_sd;['ca', 'cb', 'sc', 'cc', 'cd', 'sb', 'sa', 'sd']
476;cc;476.3316875019809;2099;4237;6336;1456.63671875;cc_sd_sb_sc_sa_cb_cd_ca;['cc', 'sd', 'sb', 'sc', 'sa', 'cb', 'cd', 'ca']
477;cc;633.737944877008;2119;4258;6377;1462.54296875;cc_sd_sc_sb_cd_ca_sa_cb;['cc', 'sd', 'sc', 'sb', 'cd', 'ca', 'sa', 'cb']
478;sc;532.7231942950748;1935;3961;5896;1462.54296875;sc_cb_cc_sa_cd_ca_sb_sd;['sc', 'cb', 'cc', 'sa', 'cd', 'ca', 'sb', 'sd']
479;cc;453.8036863260204;1967;4133;6100;1461.55859375;cc_sa_sc_sb_sd_cb_ca_cd;['cc', 'sa', 'sc', 'sb', 'sd', 'cb', 'ca', 'cd']
480;sc;658.9567639039597;2282;5218;7500;1462.5390625;sc_cb_sd_ca_cd_sa_sb_cc;['sc', 'cb', 'sd', 'ca', 'cd', 'sa', 'sb', 'cc']
481;cb;698.1731009429786;2135;4337;6472;1462.5390625;cb_cd_sd_sb_cc_sa_sc_ca;['cb', 'cd', 'sd', 'sb', 'cc', 'sa', 'sc', 'ca']
482;cd;527.754733301932;2059;4215;6274;1462.5390625;cd_cc_cb_ca_sa_sd_sb_sc;['cd', 'cc', 'cb', 'ca', 'sa', 'sd', 'sb', 'sc']
483;cc;725.3664697699714;2119;4253;6372;1462.5390625;cc_cb_ca_sb_sc_cd_sd_sa;['cc', 'cb', 'ca', 'sb', 'sc', 'cd', 'sd', 'sa']
484;cd;466.08192957600113;2067;4250;6317;1461.5546875;cd_cb_ca_sd_cc_sa_sc_sb;['cd', 'cb', 'ca', 'sd', 'cc', 'sa', 'sc', 'sb']
485;cb;968.4089472919004;1924;3723;5647;1461.5546875;cb_sa_sd_sb_cc_ca_sc_cd;['cb', 'sa', 'sd', 'sb', 'cc', 'ca', 'sc', 'cd']
486;sd;948.8048092119861;1894;3438;5332;1460.5703125;sd_cc_sc_sa_cd_cb_sb_ca;['sd', 'cc', 'sc', 'sa', 'cd', 'cb', 'sb', 'ca']
487;cb;1165.958511795965;2218;4876;7094;1460.57421875;cb_ca_sd_sc_cd_sb_sa_cc;['cb', 'ca', 'sd', 'sc', 'cd', 'sb', 'sa', 'cc']
488;cc;677.8987508659484;2094;4307;6401;1460.57421875;cc_sb_sa_sd_sc_cb_cd_ca;['cc', 'sb', 'sa', 'sd', 'sc', 'cb', 'cd', 'ca']
489;sc;523.259113806067;1906;3565;5471;1460.57421875;sc_cc_sa_ca_sd_cd_sb_cb;['sc', 'cc', 'sa', 'ca', 'sd', 'cd', 'sb', 'cb']
490;cc;413.40491648297757;1984;3760;5744;1460.57421875;cc_sc_cd_ca_sa_cb_sb_sd;['cc', 'sc', 'cd', 'ca', 'sa', 'cb', 'sb', 'sd']
491;sa;448.36411424493417;1953;3564;5517;1460.57421875;sa_cc_cd_sd_sc_cb_sb_ca;['sa', 'cc', 'cd', 'sd', 'sc', 'cb', 'sb', 'ca']
492;sb;375.4916300510522;1929;3672;5601;1460.57421875;sb_ca_sa_sc_cc_cd_cb_sd;['sb', 'ca', 'sa', 'sc', 'cc', 'cd', 'cb', 'sd']
493;cb;463.69233302003704;2107;4385;6492;1460.57421875;cb_sb_sa_sc_cd_sd_ca_cc;['cb', 'sb', 'sa', 'sc', 'cd', 'sd', 'ca', 'cc']
494;cc;765.7740922620287;2149;4410;6559;1460.57421875;cc_sa_sb_cd_ca_sd_cb_sc;['cc', 'sa', 'sb', 'cd', 'ca', 'sd', 'cb', 'sc']
495;cd;955.5143718509935;2057;4080;6137;1460.57421875;cd_ca_sa_cc_sc_cb_sd_sb;['cd', 'ca', 'sa', 'cc', 'sc', 'cb', 'sd', 'sb']
496;cc;921.1315128810238;2094;4206;6300;1459.58984375;cc_cd_cb_sb_ca_sd_sc_sa;['cc', 'cd', 'cb', 'sb', 'ca', 'sd', 'sc', 'sa']
497;sc;421.03958161501214;1862;3315;5177;1459.58984375;sc_cc_cd_sd_sb_sa_cb_ca;['sc', 'cc', 'cd', 'sd', 'sb', 'sa', 'cb', 'ca']
498;ca;3955.9502725129714;1977;3807;5784;1459.58984375;ca_cc_cd_sc_sd_sb_sa_cb;['ca', 'cc', 'cd', 'sc', 'sd', 'sb', 'sa', 'cb']
499;sd;332.3023817080539;1870;3745;5615;1459.58984375;sd_cd_ca_cc_cb_sb_sa_sc;['sd', 'cd', 'ca', 'cc', 'cb', 'sb', 'sa', 'sc']
500;cc;734.6539496690966;2055;4107;6162;1459.58984375;cc_sa_cd_ca_sc_sb_sd_cb;['cc', 'sa', 'cd', 'ca', 'sc', 'sb', 'sd', 'cb']
501;sb;460.6315201879479;1928;3470;5398;1459.58984375;sb_sc_cc_cd_sa_sd_cb_ca;['sb', 'sc', 'cc', 'cd', 'sa', 'sd', 'cb', 'ca']
502;sa;545.8905591790099;1907;3656;5563;1459.58984375;sa_sb_cd_sd_cb_ca_cc_sc;['sa', 'sb', 'cd', 'sd', 'cb', 'ca', 'cc', 'sc']
503;sd;1122.3695982759818;2105;4158;6263;1459.58984375;sd_sb_sc_cb_cd_cc_sa_ca;['sd', 'sb', 'sc', 'cb', 'cd', 'cc', 'sa', 'ca']
504;sd;646.7572337670717;2050;4037;6087;1459.58984375;sd_cb_sa_ca_cd_cc_sc_sb;['sd', 'cb', 'sa', 'ca', 'cd', 'cc', 'sc', 'sb']
505;cd;547.4585051269969;1979;3901;5880;1459.58984375;cd_ca_sa_sd_cb_cc_sb_sc;['cd', 'ca', 'sa', 'sd', 'cb', 'cc', 'sb', 'sc']
506;cb;411.042012262973;1957;3915;5872;1459.58984375;cb_cc_sb_sc_sd_ca_sa_cd;['cb', 'cc', 'sb', 'sc', 'sd', 'ca', 'sa', 'cd']
507;ca;792.2520548669854;1952;3797;5749;1459.58984375;ca_cd_sc_cb_sa_sd_cc_sb;['ca', 'cd', 'sc', 'cb', 'sa', 'sd', 'cc', 'sb']
508;sc;676.8169989660382;2063;4132;6195;1459.58984375;sc_cc_cd_ca_sb_sa_sd_cb;['sc', 'cc', 'cd', 'ca', 'sb', 'sa', 'sd', 'cb']
509;ca;346.2087321430445;1817;3274;5091;1459.58984375;ca_cb_sb_sa_sd_cc_cd_sc;['ca', 'cb', 'sb', 'sa', 'sd', 'cc', 'cd', 'sc']
510;cc;416.5517371529713;1934;4121;6055;1459.58984375;cc_sc_sd_sa_cb_sb_ca_cd;['cc', 'sc', 'sd', 'sa', 'cb', 'sb', 'ca', 'cd']
511;cc;745.7249845059123;2056;3994;6050;1459.58984375;cc_sb_sd_cb_cd_sa_sc_ca;['cc', 'sb', 'sd', 'cb', 'cd', 'sa', 'sc', 'ca']
512;ca;678.2793990559876;2208;4515;6723;1459.58984375;ca_cd_sb_cc_sc_sa_cb_sd;['ca', 'cd', 'sb', 'cc', 'sc', 'sa', 'cb', 'sd']
513;sd;733.1623611189425;1916;3780;5696;1459.58984375;sd_cb_cc_sa_cd_ca_sb_sc;['sd', 'cb', 'cc', 'sa', 'cd', 'ca', 'sb', 'sc']
514;cb;517.9865052369423;2068;4009;6077;1459.58984375;cb_cc_sb_sd_sa_sc_cd_ca;['cb', 'cc', 'sb', 'sd', 'sa', 'sc', 'cd', 'ca']
515;cc;764.1728927890072;2193;4653;6846;1459.58984375;cc_ca_cd_sb_cb_sd_sa_sc;['cc', 'ca', 'cd', 'sb', 'cb', 'sd', 'sa', 'sc']
516;sa;602.9725489029661;1917;3613;5530;1459.58984375;sa_sc_cc_ca_sb_cb_sd_cd;['sa', 'sc', 'cc', 'ca', 'sb', 'cb', 'sd', 'cd']
517;sb;773.8770104920259;1752;3098;4850;1459.58984375;sb_sa_sc_cb_ca_cc_cd_sd;['sb', 'sa', 'sc', 'cb', 'ca', 'cc', 'cd', 'sd']
518;ca;2428.514247891959;2051;4012;6063;1459.58984375;ca_sa_sb_sd_sc_cd_cc_cb;['ca', 'sa', 'sb', 'sd', 'sc', 'cd', 'cc', 'cb']
519;cc;680.598624534905;1927;3729;5656;1459.58984375;cc_sa_sc_sd_cd_ca_sb_cb;['cc', 'sa', 'sc', 'sd', 'cd', 'ca', 'sb', 'cb']
520;sa;680.5781327049481;2053;3961;6014;1459.58984375;sa_cb_ca_cc_sc_sd_cd_sb;['sa', 'cb', 'ca', 'cc', 'sc', 'sd', 'cd', 'sb']
521;cc;536.442014337983;1892;3363;5255;1459.58984375;cc_ca_sc_sd_cd_cb_sb_sa;['cc', 'ca', 'sc', 'sd', 'cd', 'cb', 'sb', 'sa']
522;sb;1782.104094482027;2315;5734;8049;1468.44921875;sb_ca_cc_sd_cd_cb_sa_sc;['sb', 'ca', 'cc', 'sd', 'cd', 'cb', 'sa', 'sc']
523;sa;1907.268106997013;2026;4065;6091;1468.44921875;sa_sd_cb_cc_ca_sc_cd_sb;['sa', 'sd', 'cb', 'cc', 'ca', 'sc', 'cd', 'sb']
524;sd;696.6692261720309;1901;3386;5287;1468.44921875;sd_sb_cd_cc_sc_sa_cb_ca;['sd', 'sb', 'cd', 'cc', 'sc', 'sa', 'cb', 'ca']
525;cd;527.9079067539424;1902;3482;5384;1466.48046875;cd_ca_sd_sc_cc_sb_sa_cb;['cd', 'ca', 'sd', 'sc', 'cc', 'sb', 'sa', 'cb']
526;cd;651.4467445409391;2250;4899;7149;1463.52734375;cd_sc_cb_ca_cc_sb_sa_sd;['cd', 'sc', 'cb', 'ca', 'cc', 'sb', 'sa', 'sd']
527;sb;840.8053191900253;2036;3847;5883;1462.54296875;sb_cd_cb_sd_sa_sc_cc_ca;['sb', 'cd', 'cb', 'sd', 'sa', 'sc', 'cc', 'ca']
528;cc;1075.4001750040334;2135;4328;6463;1462.54296875;cc_sb_cb_ca_cd_sc_sd_sa;['cc', 'sb', 'cb', 'ca', 'cd', 'sc', 'sd', 'sa']
529;sa;1503.4073120660614;2105;4376;6481;1462.54296875;sa_sb_ca_sc_cd_sd_cc_cb;['sa', 'sb', 'ca', 'sc', 'cd', 'sd', 'cc', 'cb']
530;sb;819.8693990269676;2035;3957;5992;1462.54296875;sb_cb_sa_sc_sd_cd_ca_cc;['sb', 'cb', 'sa', 'sc', 'sd', 'cd', 'ca', 'cc']
531;cd;592.9840745519614;2020;4011;6031;1462.54296875;cd_cb_sb_sc_ca_sd_cc_sa;['cd', 'cb', 'sb', 'sc', 'ca', 'sd', 'cc', 'sa']
532;sa;532.0861865220359;2058;4306;6364;1462.54296875;sa_cc_ca_cd_cb_sc_sb_sd;['sa', 'cc', 'ca', 'cd', 'cb', 'sc', 'sb', 'sd']
533;sa;2335.3569841019344;2212;4700;6912;1462.54296875;sa_sb_sd_ca_sc_cc_cb_cd;['sa', 'sb', 'sd', 'ca', 'sc', 'cc', 'cb', 'cd']
534;ca;337.9487919410458;1786;3267;5053;1461.55859375;ca_sa_sd_cd_sb_cb_sc_cc;['ca', 'sa', 'sd', 'cd', 'sb', 'cb', 'sc', 'cc']
535;cb;629.4575301059522;2102;4086;6188;1461.55859375;cb_sd_sa_sc_cc_cd_sb_ca;['cb', 'sd', 'sa', 'sc', 'cc', 'cd', 'sb', 'ca']
536;sb;867.4969403540017;2261;5040;7301;1461.55859375;sb_cc_cd_sa_sd_ca_cb_sc;['sb', 'cc', 'cd', 'sa', 'sd', 'ca', 'cb', 'sc']
537;ca;414.82909204100724;1851;3295;5146;1461.55859375;ca_sd_cb_sa_sb_sc_cd_cc;['ca', 'sd', 'cb', 'sa', 'sb', 'sc', 'cd', 'cc']
538;cb;569.8384493500926;2115;4534;6649;1461.55859375;cb_cd_ca_cc_sc_sb_sa_sd;['cb', 'cd', 'ca', 'cc', 'sc', 'sb', 'sa', 'sd']
539;sb;506.43805240502115;1833;3381;5214;1461.55859375;sb_ca_cb_cc_sa_sd_sc_cd;['sb', 'ca', 'cb', 'cc', 'sa', 'sd', 'sc', 'cd']
540;ca;318.43590772198513;1881;3425;5306;1461.55859375;ca_sa_cd_cc_sb_cb_sd_sc;['ca', 'sa', 'cd', 'cc', 'sb', 'cb', 'sd', 'sc']
541;sa;849.8505165410461;1907;3499;5406;1461.55859375;sa_sb_cc_cb_ca_sd_cd_sc;['sa', 'sb', 'cc', 'cb', 'ca', 'sd', 'cd', 'sc']
542;cb;939.9034173770342;2153;4428;6581;1461.55859375;cb_sa_cd_ca_sd_cc_sc_sb;['cb', 'sa', 'cd', 'ca', 'sd', 'cc', 'sc', 'sb']
543;ca;541.6149599249475;1932;3655;5587;1461.55859375;ca_cd_cc_sd_cb_sc_sa_sb;['ca', 'cd', 'cc', 'sd', 'cb', 'sc', 'sa', 'sb']
544;sc;1705.4382726890035;2183;4517;6700;1461.55859375;sc_sa_sb_cb_sd_cd_cc_ca;['sc', 'sa', 'sb', 'cb', 'sd', 'cd', 'cc', 'ca']
545;sa;525.2475272989832;2099;4125;6224;1461.55859375;sa_cb_cc_cd_ca_sd_sb_sc;['sa', 'cb', 'cc', 'cd', 'ca', 'sd', 'sb', 'sc']
546;sb;497.57375142199453;1935;3982;5917;1461.55859375;sb_cc_sc_sd_sa_ca_cb_cd;['sb', 'cc', 'sc', 'sd', 'sa', 'ca', 'cb', 'cd']
547;sb;727.8280022769468;1895;3654;5549;1461.55859375;sb_ca_cd_sd_cb_sc_sa_cc;['sb', 'ca', 'cd', 'sd', 'cb', 'sc', 'sa', 'cc']
548;cc;2019.9825865729945;2098;4203;6301;1461.55859375;cc_sb_sc_sd_cb_cd_sa_ca;['cc', 'sb', 'sc', 'sd', 'cb', 'cd', 'sa', 'ca']
549;ca;506.269682675018;1946;3899;5845;1461.55859375;ca_cb_sd_cd_sb_sa_sc_cc;['ca', 'cb', 'sd', 'cd', 'sb', 'sa', 'sc', 'cc']
550;sd;814.1808619750664;1895;3472;5367;1461.55859375;sd_cd_cc_sc_sa_sb_cb_ca;['sd', 'cd', 'cc', 'sc', 'sa', 'sb', 'cb', 'ca']
551;cb;1182.4347328509903;2094;4164;6258;1461.55859375;cb_sd_sc_sb_ca_cc_cd_sa;['cb', 'sd', 'sc', 'sb', 'ca', 'cc', 'cd', 'sa']
552;cd;533.1991298160283;1736;3076;4812;1461.55859375;cd_sa_sb_ca_cb_sd_sc_cc;['cd', 'sa', 'sb', 'ca', 'cb', 'sd', 'sc', 'cc']
553;sc;1053.9366521210177;2078;4314;6392;1461.55859375;sc_sa_cd_ca_sd_cb_cc_sb;['sc', 'sa', 'cd', 'ca', 'sd', 'cb', 'cc', 'sb']
554;sb;1148.0761326520005;2159;4555;6714;1461.55859375;sb_cd_sc_sa_cc_sd_ca_cb;['sb', 'cd', 'sc', 'sa', 'cc', 'sd', 'ca', 'cb']
555;ca;534.3777385709109;1916;3656;5572;1461.55859375;ca_sb_cb_sc_cd_sa_sd_cc;['ca', 'sb', 'cb', 'sc', 'cd', 'sa', 'sd', 'cc']
556;sa;867.1116983250249;2073;4308;6381;1461.55859375;sa_sc_ca_sd_cd_sb_cc_cb;['sa', 'sc', 'ca', 'sd', 'cd', 'sb', 'cc', 'cb']
557;cd;1694.7518237859476;2016;4211;6227;1461.55859375;cd_sb_sc_cb_ca_cc_sa_sd;['cd', 'sb', 'sc', 'cb', 'ca', 'cc', 'sa', 'sd']
558;cb;1996.6170353610069;2102;4327;6429;1461.55859375;cb_cd_ca_sb_cc_sd_sa_sc;['cb', 'cd', 'ca', 'sb', 'cc', 'sd', 'sa', 'sc']
559;sc;378.42733406601474;1881;3411;5292;1461.55859375;sc_sb_sa_ca_sd_cb_cc_cd;['sc', 'sb', 'sa', 'ca', 'sd', 'cb', 'cc', 'cd']
560;sb;369.21060600108467;1854;3351;5205;1461.55859375;sb_cb_cc_ca_cd_sa_sc_sd;['sb', 'cb', 'cc', 'ca', 'cd', 'sa', 'sc', 'sd']
561;cb;858.8215167500312;2100;4145;6245;1461.55859375;cb_sc_ca_sb_sd_cc_cd_sa;['cb', 'sc', 'ca', 'sb', 'sd', 'cc', 'cd', 'sa']
562;cb;1246.618467757944;2166;4532;6698;1461.55859375;cb_sd_sa_ca_cd_sc_cc_sb;['cb', 'sd', 'sa', 'ca', 'cd', 'sc', 'cc', 'sb']
563;sb;297.23527726205066;1720;2974;4694;1461.55859375;sb_cb_sa_sd_ca_cd_cc_sc;['sb', 'cb', 'sa', 'sd', 'ca', 'cd', 'cc', 'sc']
564;sc;355.4311410939554;1823;3354;5177;1461.55859375;sc_ca_cb_cc_sb_sa_cd_sd;['sc', 'ca', 'cb', 'cc', 'sb', 'sa', 'cd', 'sd']
565;cb;986.5878435008926;2151;4253;6404;1461.55859375;cb_sd_cd_sb_ca_cc_sc_sa;['cb', 'sd', 'cd', 'sb', 'ca', 'cc', 'sc', 'sa']
566;sc;596.2328695879551;2008;3937;5945;1461.55859375;sc_cd_sa_sd_cc_ca_sb_cb;['sc', 'cd', 'sa', 'sd', 'cc', 'ca', 'sb', 'cb']
567;sa;787.0661446719896;1895;3532;5427;1461.55859375;sa_ca_sd_sc_cd_cc_cb_sb;['sa', 'ca', 'sd', 'sc', 'cd', 'cc', 'cb', 'sb']
568;sa;624.732345139957;2154;4652;6806;1461.55859375;sa_sd_cd_sc_sb_cb_cc_ca;['sa', 'sd', 'cd', 'sc', 'sb', 'cb', 'cc', 'ca']
569;cc;809.8299035199452;2083;4150;6233;1461.55859375;cc_sb_cd_sa_cb_sd_sc_ca;['cc', 'sb', 'cd', 'sa', 'cb', 'sd', 'sc', 'ca']
570;sd;628.6539690339705;1945;3607;5552;1461.55859375;sd_sb_cd_sa_sc_cc_cb_ca;['sd', 'sb', 'cd', 'sa', 'sc', 'cc', 'cb', 'ca']
571;cc;384.20353705296293;1901;3535;5436;1461.55859375;cc_sd_cd_ca_sc_sb_sa_cb;['cc', 'sd', 'cd', 'ca', 'sc', 'sb', 'sa', 'cb']
572;sc;839.9793604679871;2085;4182;6267;1461.55859375;sc_cb_sb_sd_ca_cd_cc_sa;['sc', 'cb', 'sb', 'sd', 'ca', 'cd', 'cc', 'sa']
573;sc;630.2585850689793;2105;4441;6546;1461.55859375;sc_ca_sb_cd_cc_sa_sd_cb;['sc', 'ca', 'sb', 'cd', 'cc', 'sa', 'sd', 'cb']
574;sd;3515.1353050098987;1924;3499;5423;1461.55859375;sd_sa_cd_sc_cc_sb_ca_cb;['sd', 'sa', 'cd', 'sc', 'cc', 'sb', 'ca', 'cb']
575;cb;535.568064349005;1848;3566;5414;1461.55859375;cb_sb_sc_ca_cc_cd_sa_sd;['cb', 'sb', 'sc', 'ca', 'cc', 'cd', 'sa', 'sd']
576;cc;353.5267060919432;1987;4015;6002;1461.55859375;cc_cb_ca_sb_sd_sc_sa_cd;['cc', 'cb', 'ca', 'sb', 'sd', 'sc', 'sa', 'cd']
577;cb;526.7610901528969;2112;4341;6453;1461.55859375;cb_sb_sd_sc_cd_ca_sa_cc;['cb', 'sb', 'sd', 'sc', 'cd', 'ca', 'sa', 'cc']
578;ca;14115.548359074979;2101;4227;6328;1760.1171875;ca_sa_cc_cd_cb_sd_sc_sb;['ca', 'sa', 'cc', 'cd', 'cb', 'sd', 'sc', 'sb']
579;cb;615.9968423399841;1997;4203;6200;1760.1171875;cb_cc_sc_sa_sd_ca_cd_sb;['cb', 'cc', 'sc', 'sa', 'sd', 'ca', 'cd', 'sb']
580;sc;472.39551003999077;1941;3765;5706;1461.67578125;sc_sb_cd_cb_sa_ca_sd_cc;['sc', 'sb', 'cd', 'cb', 'sa', 'ca', 'sd', 'cc']
581;sd;645.7470890409313;1919;3692;5611;1460.69140625;sd_ca_cd_sa_cb_sb_sc_cc;['sd', 'ca', 'cd', 'sa', 'cb', 'sb', 'sc', 'cc']
582;sc;590.3165291950572;2093;4501;6594;1460.69140625;sc_sb_ca_sd_cc_sa_cd_cb;['sc', 'sb', 'ca', 'sd', 'cc', 'sa', 'cd', 'cb']
583;sd;435.2715766959591;1922;3939;5861;1460.69140625;sd_ca_sb_cc_cd_cb_sa_sc;['sd', 'ca', 'sb', 'cc', 'cd', 'cb', 'sa', 'sc']
584;cb;1671.8814481679583;1928;3701;5629;1460.69140625;cb_ca_sc_sb_cd_sa_sd_cc;['cb', 'ca', 'sc', 'sb', 'cd', 'sa', 'sd', 'cc']
585;ca;362.60291902709287;1880;3713;5593;1460.69140625;ca_cd_sb_sc_sd_cb_sa_cc;['ca', 'cd', 'sb', 'sc', 'sd', 'cb', 'sa', 'cc']
586;cc;858.8805787730962;2221;4828;7049;1460.69140625;cc_sc_cb_sd_cd_sa_ca_sb;['cc', 'sc', 'cb', 'sd', 'cd', 'sa', 'ca', 'sb']
587;ca;491.6268234549789;1818;3391;5209;1460.69140625;ca_sd_cc_sa_cd_sc_cb_sb;['ca', 'sd', 'cc', 'sa', 'cd', 'sc', 'cb', 'sb']
588;sa;958.4135543709854;2118;4416;6534;1460.69140625;sa_ca_sc_cd_sb_sd_cc_cb;['sa', 'ca', 'sc', 'cd', 'sb', 'sd', 'cc', 'cb']
589;cb;982.5895708429161;1988;4123;6111;1460.69140625;cb_sa_cd_sc_ca_cc_sd_sb;['cb', 'sa', 'cd', 'sc', 'ca', 'cc', 'sd', 'sb']
590;sd;579.6897641270189;2035;3708;5743;1460.69140625;sd_cb_sc_cc_ca_cd_sb_sa;['sd', 'cb', 'sc', 'cc', 'ca', 'cd', 'sb', 'sa']
591;sb;407.0870720540406;1895;3934;5829;1460.69140625;sb_cd_sd_sa_sc_ca_cb_cc;['sb', 'cd', 'sd', 'sa', 'sc', 'ca', 'cb', 'cc']
592;sa;817.8373333610361;1869;3275;5144;1460.69140625;sa_cd_ca_sb_cb_cc_sd_sc;['sa', 'cd', 'ca', 'sb', 'cb', 'cc', 'sd', 'sc']
593;sc;852.2615520140389;1978;3930;5908;1460.69140625;sc_sa_cd_sb_sd_cc_ca_cb;['sc', 'sa', 'cd', 'sb', 'sd', 'cc', 'ca', 'cb']
594;cb;608.1954440480331;1995;3887;5882;1460.69140625;cb_sb_cd_cc_sd_sc_sa_ca;['cb', 'sb', 'cd', 'cc', 'sd', 'sc', 'sa', 'ca']
595;sd;558.5766506679356;1901;3343;5244;1460.69140625;sd_sc_cb_cc_cd_ca_sb_sa;['sd', 'sc', 'cb', 'cc', 'cd', 'ca', 'sb', 'sa']
596;sa;382.46866034402046;1849;3280;5129;1460.69140625;sa_sb_sd_ca_sc_cb_cd_cc;['sa', 'sb', 'sd', 'ca', 'sc', 'cb', 'cd', 'cc']
597;sc;1211.5212468990358;1823;3300;5123;1460.69140625;sc_sa_sb_ca_cb_cd_sd_cc;['sc', 'sa', 'sb', 'ca', 'cb', 'cd', 'sd', 'cc']
598;cb;815.7283902140334;2080;4065;6145;1460.69140625;cb_sc_sb_ca_sd_cc_cd_sa;['cb', 'sc', 'sb', 'ca', 'sd', 'cc', 'cd', 'sa']
599;cd;677.4529395300196;2094;4104;6198;1460.69140625;cd_ca_cc_sc_sd_cb_sa_sb;['cd', 'ca', 'cc', 'sc', 'sd', 'cb', 'sa', 'sb']
600;cb;484.03579008893576;1754;3107;4861;1460.69140625;cb_sa_sd_sb_ca_cd_cc_sc;['cb', 'sa', 'sd', 'sb', 'ca', 'cd', 'cc', 'sc']
601;cb;726.1436459999532;1896;3558;5454;1460.69140625;cb_sb_sa_cd_ca_cc_sd_sc;['cb', 'sb', 'sa', 'cd', 'ca', 'cc', 'sd', 'sc']
602;cb;503.6253746220609;2101;4332;6433;1460.69140625;cb_sb_cd_cc_sd_ca_sa_sc;['cb', 'sb', 'cd', 'cc', 'sd', 'ca', 'sa', 'sc']
603;sd;1203.8150506080128;2005;4088;6093;1460.69140625;sd_sb_cb_sa_cc_sc_ca_cd;['sd', 'sb', 'cb', 'sa', 'cc', 'sc', 'ca', 'cd']
604;sd;513.1255033200141;1863;3355;5218;1460.69140625;sd_cc_cd_sa_cb_sc_sb_ca;['sd', 'cc', 'cd', 'sa', 'cb', 'sc', 'sb', 'ca']
605;sc;516.5577412679559;2061;3855;5916;1460.69140625;sc_sa_sb_sd_cd_cc_cb_ca;['sc', 'sa', 'sb', 'sd', 'cd', 'cc', 'cb', 'ca']
606;sc;508.30241396301426;1927;3653;5580;1460.69140625;sc_cd_cc_sa_ca_cb_sb_sd;['sc', 'cd', 'cc', 'sa', 'ca', 'cb', 'sb', 'sd']
607;cc;359.7151046739891;1867;3437;5304;1460.69140625;cc_cb_sb_sa_ca_sd_sc_cd;['cc', 'cb', 'sb', 'sa', 'ca', 'sd', 'sc', 'cd']
608;sc;754.0080850919476;2095;4161;6256;1460.69140625;sc_sa_sb_sd_cb_cc_cd_ca;['sc', 'sa', 'sb', 'sd', 'cb', 'cc', 'cd', 'ca']
609;sa;408.58709735795856;1813;3312;5125;1460.69140625;sa_sb_sc_cb_cc_ca_cd_sd;['sa', 'sb', 'sc', 'cb', 'cc', 'ca', 'cd', 'sd']
610;cb;1039.71171525307;1980;3966;5946;1460.69140625;cb_sa_cd_sd_sc_cc_ca_sb;['cb', 'sa', 'cd', 'sd', 'sc', 'cc', 'ca', 'sb']
611;sc;342.7720929540228;1816;3338;5154;1460.69140625;sc_cb_ca_cc_sb_sa_cd_sd;['sc', 'cb', 'ca', 'cc', 'sb', 'sa', 'cd', 'sd']
612;ca;777.1705167270266;2016;3963;5979;1460.69140625;ca_sb_sc_cc_cd_sd_sa_cb;['ca', 'sb', 'sc', 'cc', 'cd', 'sd', 'sa', 'cb']
613;sa;407.9677068529418;1835;3262;5097;1460.69140625;sa_cb_ca_sc_sb_sd_cc_cd;['sa', 'cb', 'ca', 'sc', 'sb', 'sd', 'cc', 'cd']
614;sd;822.0086049570236;2184;4799;6983;1460.69140625;sd_cb_sc_sa_ca_cc_sb_cd;['sd', 'cb', 'sc', 'sa', 'ca', 'cc', 'sb', 'cd']
615;cd;866.2906100400724;2163;4508;6671;1460.69140625;cd_cb_cc_sa_ca_sc_sb_sd;['cd', 'cb', 'cc', 'sa', 'ca', 'sc', 'sb', 'sd']
616;cd;459.1265009639319;1915;3405;5320;1460.69140625;cd_sd_cb_sc_ca_cc_sb_sa;['cd', 'sd', 'cb', 'sc', 'ca', 'cc', 'sb', 'sa']
617;sa;1076.582970969961;2050;4260;6310;1460.69140625;sa_cd_sc_sd_sb_ca_cb_cc;['sa', 'cd', 'sc', 'sd', 'sb', 'ca', 'cb', 'cc']
618;sb;368.73924341402017;1765;3338;5103;1460.69140625;sb_sd_ca_sa_cd_cb_cc_sc;['sb', 'sd', 'ca', 'sa', 'cd', 'cb', 'cc', 'sc']
619;sc;3281.2690257339273;1994;4035;6029;1460.69140625;sc_sd_ca_sa_cd_cc_cb_sb;['sc', 'sd', 'ca', 'sa', 'cd', 'cc', 'cb', 'sb']
620;sc;349.29552107304335;1895;3446;5341;1460.69140625;sc_sd_sa_ca_cb_sb_cc_cd;['sc', 'sd', 'sa', 'ca', 'cb', 'sb', 'cc', 'cd']
621;cc;413.47577932092827;1892;3901;5793;1460.69140625;cc_sc_sa_cb_sd_ca_sb_cd;['cc', 'sc', 'sa', 'cb', 'sd', 'ca', 'sb', 'cd']
622;sb;705.7754110259702;2075;3948;6023;1460.69140625;sb_ca_sd_cb_cd_cc_sc_sa;['sb', 'ca', 'sd', 'cb', 'cd', 'cc', 'sc', 'sa']
623;ca;696.0763610339491;1840;3387;5227;1460.69140625;ca_cb_cc_sa_sd_sb_cd_sc;['ca', 'cb', 'cc', 'sa', 'sd', 'sb', 'cd', 'sc']
624;sc;703.8312088310486;2041;4039;6080;1460.69140625;sc_cb_sb_cd_ca_cc_sd_sa;['sc', 'cb', 'sb', 'cd', 'ca', 'cc', 'sd', 'sa']
625;sc;544.1043289250229;1847;3201;5048;1460.69140625;sc_sb_sd_cd_cc_cb_ca_sa;['sc', 'sb', 'sd', 'cd', 'cc', 'cb', 'ca', 'sa']
626;cd;860.1412379379617;1995;4187;6182;1460.69140625;cd_sa_sc_sb_sd_ca_cb_cc;['cd', 'sa', 'sc', 'sb', 'sd', 'ca', 'cb', 'cc']
627;cd;587.4977767299861;2073;4259;6332;1460.69140625;cd_sc_sa_cb_cc_ca_sd_sb;['cd', 'sc', 'sa', 'cb', 'cc', 'ca', 'sd', 'sb']
628;cb;386.47678070003167;1948;3699;5647;1460.69140625;cb_cd_cc_sb_sd_sc_ca_sa;['cb', 'cd', 'cc', 'sb', 'sd', 'sc', 'ca', 'sa']
629;sb;1242.9737831699895;2322;5116;7438;1460.69140625;sb_sa_sc_sd_cc_cb_ca_cd;['sb', 'sa', 'sc', 'sd', 'cc', 'cb', 'ca', 'cd']
630;sb;1716.1717352480628;2047;4043;6090;1460.69140625;sb_cd_cb_sc_sd_cc_ca_sa;['sb', 'cd', 'cb', 'sc', 'sd', 'cc', 'ca', 'sa']
631;sc;1536.4825391250197;2072;4171;6243;1460.69140625;sc_ca_sd_sa_sb_cc_cb_cd;['sc', 'ca', 'sd', 'sa', 'sb', 'cc', 'cb', 'cd']
632;sd;660.6447323840111;1991;4046;6037;1460.69140625;sd_sc_ca_cd_sa_sb_cb_cc;['sd', 'sc', 'ca', 'cd', 'sa', 'sb', 'cb', 'cc']
633;cc;556.077449925011;1943;3834;5777;1460.69140625;cc_sa_sc_ca_cd_cb_sb_sd;['cc', 'sa', 'sc', 'ca', 'cd', 'cb', 'sb', 'sd']
634;sb;5056.903001015075;2057;4165;6222;1460.69140625;sb_cc_cb_sc_cd_sa_ca_sd;['sb', 'cc', 'cb', 'sc', 'cd', 'sa', 'ca', 'sd']
635;cb;644.881461996003;2080;4088;6168;1460.69140625;cb_sb_cc_sd_sc_sa_cd_ca;['cb', 'sb', 'cc', 'sd', 'sc', 'sa', 'cd', 'ca']
636;cd;1028.7838273809757;2041;4313;6354;1460.69140625;cd_sc_sa_sb_cb_cc_ca_sd;['cd', 'sc', 'sa', 'sb', 'cb', 'cc', 'ca', 'sd']
637;ca;609.9884480929468;2058;4212;6270;1459.70703125;ca_cd_sa_sc_sb_cc_cb_sd;['ca', 'cd', 'sa', 'sc', 'sb', 'cc', 'cb', 'sd']
638;ca;367.4146502589574;1817;3346;5163;1459.70703125;ca_sa_cc_sd_sb_cb_cd_sc;['ca', 'sa', 'cc', 'sd', 'sb', 'cb', 'cd', 'sc']
639;sa;607.5374153519515;1967;3633;5600;1459.70703125;sa_sd_cb_cc_ca_cd_sb_sc;['sa', 'sd', 'cb', 'cc', 'ca', 'cd', 'sb', 'sc']
640;sa;949.5988197709667;1869;3526;5395;1459.70703125;sa_ca_sc_cd_cb_sb_sd_cc;['sa', 'ca', 'sc', 'cd', 'cb', 'sb', 'sd', 'cc']
641;cd;504.0345456409268;2055;4116;6171;1459.70703125;cd_ca_cc_sb_sc_sa_sd_cb;['cd', 'ca', 'cc', 'sb', 'sc', 'sa', 'sd', 'cb']
642;cd;465.732094986015;1933;3537;5470;1459.70703125;cd_ca_cb_sd_sc_cc_sb_sa;['cd', 'ca', 'cb', 'sd', 'sc', 'cc', 'sb', 'sa']
643;sb;894.9529421869665;2107;4149;6256;1459.70703125;sb_sa_cb_cc_cd_sd_sc_ca;['sb', 'sa', 'cb', 'cc', 'cd', 'sd', 'sc', 'ca']
644;cc;413.1734951600665;2039;3800;5839;1459.70703125;cc_sb_sa_ca_sd_sc_cb_cd;['cc', 'sb', 'sa', 'ca', 'sd', 'sc', 'cb', 'cd']
645;ca;860.6378441409906;2115;4399;6514;1459.70703125;ca_sd_cd_sb_sa_sc_cc_cb;['ca', 'sd', 'cd', 'sb', 'sa', 'sc', 'cc', 'cb']
646;cc;338.55393458600156;1844;3399;5243;1459.70703125;cc_ca_cb_sd_sa_sb_sc_cd;['cc', 'ca', 'cb', 'sd', 'sa', 'sb', 'sc', 'cd']
647;cd;544.2738186680945;2028;4104;6132;1459.70703125;cd_sa_cc_ca_sd_cb_sb_sc;['cd', 'sa', 'cc', 'ca', 'sd', 'cb', 'sb', 'sc']
648;cc;463.44013449398335;1973;3772;5745;1459.70703125;cc_sb_cb_ca_cd_sa_sd_sc;['cc', 'sb', 'cb', 'ca', 'cd', 'sa', 'sd', 'sc']
649;ca;809.965486422996;1789;3237;5026;1459.70703125;ca_cd_sa_sd_cb_sb_cc_sc;['ca', 'cd', 'sa', 'sd', 'cb', 'sb', 'cc', 'sc']
650;cc;887.778361392091;2087;4290;6377;1459.70703125;cc_ca_cd_cb_sb_sd_sa_sc;['cc', 'ca', 'cd', 'cb', 'sb', 'sd', 'sa', 'sc']
651;sa;1066.976145670982;2061;4224;6285;1459.70703125;sa_cd_ca_cc_sb_sd_cb_sc;['sa', 'cd', 'ca', 'cc', 'sb', 'sd', 'cb', 'sc']
652;cc;539.4830899330555;1948;4055;6003;1459.70703125;cc_sc_sd_sb_ca_sa_cb_cd;['cc', 'sc', 'sd', 'sb', 'ca', 'sa', 'cb', 'cd']
653;ca;3008.727050541085;2022;4164;6186;1459.70703125;ca_sc_cb_sb_cd_sd_sa_cc;['ca', 'sc', 'cb', 'sb', 'cd', 'sd', 'sa', 'cc']
654;sd;382.82824609498493;1866;3454;5320;1459.70703125;sd_sa_cb_cc_ca_sb_sc_cd;['sd', 'sa', 'cb', 'cc', 'ca', 'sb', 'sc', 'cd']
655;sa;548.2986227169167;2114;4395;6509;1459.70703125;sa_sc_cd_sb_cc_cb_sd_ca;['sa', 'sc', 'cd', 'sb', 'cc', 'cb', 'sd', 'ca']
656;cb;556.5762768620625;1896;3445;5341;1459.70703125;cb_sd_cd_cc_sc_sb_ca_sa;['cb', 'sd', 'cd', 'cc', 'sc', 'sb', 'ca', 'sa']
657;sc;1002.9572307539638;2081;4264;6345;1459.70703125;sc_sd_cb_cc_sb_sa_cd_ca;['sc', 'sd', 'cb', 'cc', 'sb', 'sa', 'cd', 'ca']
658;sd;448.84261853795033;1941;3704;5645;1459.70703125;sd_cc_sa_cb_sb_ca_sc_cd;['sd', 'cc', 'sa', 'cb', 'sb', 'ca', 'sc', 'cd']
659;cb;1764.9046301579801;2037;4050;6087;1459.70703125;cb_sb_ca_sd_sc_cd_sa_cc;['cb', 'sb', 'ca', 'sd', 'sc', 'cd', 'sa', 'cc']
660;cb;1123.3867093009176;2075;4025;6100;1459.70703125;cb_ca_sd_cc_sb_cd_sc_sa;['cb', 'ca', 'sd', 'cc', 'sb', 'cd', 'sc', 'sa']
661;sd;2206.982710444019;2054;4102;6156;1459.70703125;sd_sc_ca_cc_sa_cb_sb_cd;['sd', 'sc', 'ca', 'cc', 'sa', 'cb', 'sb', 'cd']
662;sd;735.3863370339386;2102;4490;6592;1458.72265625;sd_cb_sa_cd_sc_ca_cc_sb;['sd', 'cb', 'sa', 'cd', 'sc', 'ca', 'cc', 'sb']
663;sb;488.80920680903364;2075;4280;6355;1458.72265625;sb_sc_cb_cd_ca_sd_sa_cc;['sb', 'sc', 'cb', 'cd', 'ca', 'sd', 'sa', 'cc']
664;cb;897.384494218044;2141;4137;6278;1458.72265625;cb_ca_sd_sc_sb_cc_cd_sa;['cb', 'ca', 'sd', 'sc', 'sb', 'cc', 'cd', 'sa']
665;sc;411.8476647299249;1885;3861;5746;1458.72265625;sc_cc_cd_sb_ca_cb_sa_sd;['sc', 'cc', 'cd', 'sb', 'ca', 'cb', 'sa', 'sd']
666;cc;679.5829030459281;1954;3642;5596;1458.72265625;cc_cd_cb_sb_sa_ca_sc_sd;['cc', 'cd', 'cb', 'sb', 'sa', 'ca', 'sc', 'sd']
667;ca;446.74717778502963;1862;3400;5262;1458.72265625;ca_sb_cd_sc_sa_cb_cc_sd;['ca', 'sb', 'cd', 'sc', 'sa', 'cb', 'cc', 'sd']
668;sb;400.99827344098594;1890;3491;5381;1458.72265625;sb_ca_sa_cc_sd_sc_cb_cd;['sb', 'ca', 'sa', 'cc', 'sd', 'sc', 'cb', 'cd']
669;cd;464.5425913099898;2078;4226;6304;1458.72265625;cd_sc_ca_cb_sb_sd_sa_cc;['cd', 'sc', 'ca', 'cb', 'sb', 'sd', 'sa', 'cc']
670;sa;394.9796452469891;1968;3751;5719;1458.72265625;sa_cb_sb_sd_cc_cd_ca_sc;['sa', 'cb', 'sb', 'sd', 'cc', 'cd', 'ca', 'sc']
671;ca;488.94487977796234;1926;3991;5917;1458.72265625;ca_cb_sc_cd_cc_sa_sb_sd;['ca', 'cb', 'sc', 'cd', 'cc', 'sa', 'sb', 'sd']
672;sb;548.4816746009747;2068;4418;6486;1458.72265625;sb_sc_sd_cc_sa_cb_ca_cd;['sb', 'sc', 'sd', 'cc', 'sa', 'cb', 'ca', 'cd']
673;sb;810.1785383670358;1962;3677;5639;1458.72265625;sb_sd_sc_cb_ca_sa_cd_cc;['sb', 'sd', 'sc', 'cb', 'ca', 'sa', 'cd', 'cc']
674;sa;375.88602248497773;1853;3262;5115;1458.72265625;sa_sd_sb_sc_ca_cb_cd_cc;['sa', 'sd', 'sb', 'sc', 'ca', 'cb', 'cd', 'cc']
675;sd;590.7939951659646;2049;4517;6566;1458.72265625;sd_sc_sb_sa_cd_ca_cb_cc;['sd', 'sc', 'sb', 'sa', 'cd', 'ca', 'cb', 'cc']
676;sd;565.6810380489333;1978;4185;6163;1458.72265625;sd_cd_ca_cb_cc_sa_sc_sb;['sd', 'cd', 'ca', 'cb', 'cc', 'sa', 'sc', 'sb']
677;sc;976.4018654590473;2121;4253;6374;1458.72265625;sc_cc_cb_sa_sb_cd_sd_ca;['sc', 'cc', 'cb', 'sa', 'sb', 'cd', 'sd', 'ca']
678;cc;406.42444982693996;1888;3826;5714;1458.72265625;cc_sd_sa_sc_cb_sb_ca_cd;['cc', 'sd', 'sa', 'sc', 'cb', 'sb', 'ca', 'cd']
679;sa;420.2242162490729;1966;3620;5586;1458.72265625;sa_cd_sd_cc_cb_sc_sb_ca;['sa', 'cd', 'sd', 'cc', 'cb', 'sc', 'sb', 'ca']
680;cd;638.058799905004;2164;4582;6746;1458.72265625;cd_sb_sa_sc_ca_cc_cb_sd;['cd', 'sb', 'sa', 'sc', 'ca', 'cc', 'cb', 'sd']
681;cb;1346.4619354669703;2045;4156;6201;1458.72265625;cb_sd_cc_ca_cd_sa_sc_sb;['cb', 'sd', 'cc', 'ca', 'cd', 'sa', 'sc', 'sb']
682;sc;554.3032619419973;2100;4085;6185;1458.72265625;sc_cb_sb_sd_cd_sa_cc_ca;['sc', 'cb', 'sb', 'sd', 'cd', 'sa', 'cc', 'ca']
683;sa;370.5347213030327;1937;3954;5891;1458.72265625;sa_cd_sc_sd_cb_sb_ca_cc;['sa', 'cd', 'sc', 'sd', 'cb', 'sb', 'ca', 'cc']
684;sb;641.5172279960243;2085;4172;6257;1458.72265625;sb_sa_ca_cd_cc_sc_cb_sd;['sb', 'sa', 'ca', 'cd', 'cc', 'sc', 'cb', 'sd']
685;sb;1218.845815257053;2283;4861;7144;1458.72265625;sb_sa_sc_cc_sd_cb_ca_cd;['sb', 'sa', 'sc', 'cc', 'sd', 'cb', 'ca', 'cd']
686;cc;548.2092835770454;1990;4105;6095;1458.72265625;cc_sd_ca_cb_cd_sa_sc_sb;['cc', 'sd', 'ca', 'cb', 'cd', 'sa', 'sc', 'sb']
687;sd;419.6742439880036;1875;3406;5281;1458.72265625;sd_sa_ca_sb_cb_sc_cc_cd;['sd', 'sa', 'ca', 'sb', 'cb', 'sc', 'cc', 'cd']
688;ca;2845.433092040941;2104;4343;6447;1458.72265625;ca_cd_sb_sc_cb_cc_sa_sd;['ca', 'cd', 'sb', 'sc', 'cb', 'cc', 'sa', 'sd']
689;cc;1092.546688442002;2138;4460;6598;1458.72265625;cc_cb_sd_cd_sb_sc_sa_ca;['cc', 'cb', 'sd', 'cd', 'sb', 'sc', 'sa', 'ca']
690;sc;891.1664290090557;1939;3725;5664;1458.72265625;sc_cc_cb_ca_sa_cd_sb_sd;['sc', 'cc', 'cb', 'ca', 'sa', 'cd', 'sb', 'sd']
691;sa;712.8998923780164;2088;4384;6472;1458.72265625;sa_cc_ca_sb_cd_sc_cb_sd;['sa', 'cc', 'ca', 'sb', 'cd', 'sc', 'cb', 'sd']
692;sb;1674.9264659920009;2199;4799;6998;1458.72265625;sb_sc_cc_sa_cd_sd_ca_cb;['sb', 'sc', 'cc', 'sa', 'cd', 'sd', 'ca', 'cb']
693;sb;1923.0789974670624;1956;3723;5679;1458.72265625;sb_sa_cb_cd_ca_cc_sc_sd;['sb', 'sa', 'cb', 'cd', 'ca', 'cc', 'sc', 'sd']
694;ca;411.6323150539538;1909;3651;5560;1458.72265625;ca_cb_sb_cc_sd_sa_cd_sc;['ca', 'cb', 'sb', 'cc', 'sd', 'sa', 'cd', 'sc']
695;sc;775.3064359269338;2124;4358;6482;1458.72265625;sc_sd_cb_sa_cd_ca_cc_sb;['sc', 'sd', 'cb', 'sa', 'cd', 'ca', 'cc', 'sb']
696;sb;539.5648985180305;1987;3977;5964;1458.72265625;sb_cd_cb_sc_ca_sd_sa_cc;['sb', 'cd', 'cb', 'sc', 'ca', 'sd', 'sa', 'cc']
697;ca;472.7399779870175;2028;4313;6341;1458.72265625;ca_sd_cd_sc_cb_sa_sb_cc;['ca', 'sd', 'cd', 'sc', 'cb', 'sa', 'sb', 'cc']
698;ca;918.6593285689596;2000;4137;6137;1458.72265625;ca_sd_cd_sa_cc_sc_sb_cb;['ca', 'sd', 'cd', 'sa', 'cc', 'sc', 'sb', 'cb']
699;ca;1314.3188991029747;1989;3921;5910;1458.72265625;ca_cc_sd_sa_sb_cd_sc_cb;['ca', 'cc', 'sd', 'sa', 'sb', 'cd', 'sc', 'cb']
700;sc;589.4619474450592;2212;4923;7135;1458.72265625;sc_cd_sd_sb_sa_ca_cb_cc;['sc', 'cd', 'sd', 'sb', 'sa', 'ca', 'cb', 'cc']
701;cc;410.8868846540572;1900;3869;5769;1458.72265625;cc_cb_sc_ca_sd_sa_sb_cd;['cc', 'cb', 'sc', 'ca', 'sd', 'sa', 'sb', 'cd']
702;cc;812.7622148939408;2155;4823;6978;1460.68359375;cc_sd_cd_sb_cb_ca_sa_sc;['cc', 'sd', 'cd', 'sb', 'cb', 'ca', 'sa', 'sc']
703;sb;902.4681479349965;2042;3964;6006;1460.68359375;sb_ca_sd_cb_cc_cd_sc_sa;['sb', 'ca', 'sd', 'cb', 'cc', 'cd', 'sc', 'sa']
704;cb;1902.667858324945;2190;4901;7091;1460.72265625;cb_cc_sd_ca_cd_sa_sb_sc;['cb', 'cc', 'sd', 'ca', 'cd', 'sa', 'sb', 'sc']
705;cc;430.5643250019057;1956;4019;5975;1460.72265625;cc_sd_ca_sb_sc_cb_sa_cd;['cc', 'sd', 'ca', 'sb', 'sc', 'cb', 'sa', 'cd']
706;ca;771.1523770060157;2111;4249;6360;1460.72265625;ca_cb_sb_cd_cc_sc_sd_sa;['ca', 'cb', 'sb', 'cd', 'cc', 'sc', 'sd', 'sa']
707;sc;466.6581940250471;1971;3738;5709;1460.72265625;sc_sa_ca_cd_sb_cc_cb_sd;['sc', 'sa', 'ca', 'cd', 'sb', 'cc', 'cb', 'sd']
708;sd;599.8674814470578;1979;3513;5492;1460.72265625;sd_cd_cb_cc_sc_ca_sb_sa;['sd', 'cd', 'cb', 'cc', 'sc', 'ca', 'sb', 'sa']
709;cb;1121.9734114098828;2110;4242;6352;1460.72265625;cb_sa_sb_cc_sc_cd_sd_ca;['cb', 'sa', 'sb', 'cc', 'sc', 'cd', 'sd', 'ca']
710;cb;386.81489144894294;1758;3068;4826;1459.73828125;cb_sc_sb_sa_ca_cc_cd_sd;['cb', 'sc', 'sb', 'sa', 'ca', 'cc', 'cd', 'sd']
711;sb;430.6123564520385;2052;4113;6165;1458.75390625;sb_sc_cb_sd_cc_ca_sa_cd;['sb', 'sc', 'cb', 'sd', 'cc', 'ca', 'sa', 'cd']
712;sd;363.0841567160096;1838;3276;5114;1458.75390625;sd_cd_ca_cc_sb_sc_cb_sa;['sd', 'cd', 'ca', 'cc', 'sb', 'sc', 'cb', 'sa']
713;sd;1767.0836930959485;2169;4486;6655;1458.75390625;sd_cb_sa_sb_sc_cc_cd_ca;['sd', 'cb', 'sa', 'sb', 'sc', 'cc', 'cd', 'ca']
714;cd;452.4644495220855;1978;3855;5833;1458.75390625;cd_ca_sa_cc_sd_sb_cb_sc;['cd', 'ca', 'sa', 'cc', 'sd', 'sb', 'cb', 'sc']
715;sa;440.1280409810133;1916;3402;5318;1458.75390625;sa_cc_ca_cb_cd_sb_sc_sd;['sa', 'cc', 'ca', 'cb', 'cd', 'sb', 'sc', 'sd']
716;sa;1103.505275110947;2185;5061;7246;1458.75390625;sa_cd_sc_cc_cb_sb_ca_sd;['sa', 'cd', 'sc', 'cc', 'cb', 'sb', 'ca', 'sd']
717;sa;673.3987926358823;2011;3946;5957;1458.75390625;sa_sd_ca_cb_cc_cd_sc_sb;['sa', 'sd', 'ca', 'cb', 'cc', 'cd', 'sc', 'sb']
718;cd;843.1759565209504;2111;4169;6280;1458.75390625;cd_cc_ca_sb_cb_sc_sd_sa;['cd', 'cc', 'ca', 'sb', 'cb', 'sc', 'sd', 'sa']
719;sc;661.4352902928367;2125;4544;6669;1458.75390625;sc_sd_sb_cc_ca_sa_cb_cd;['sc', 'sd', 'sb', 'cc', 'ca', 'sa', 'cb', 'cd']
720;cb;603.7511652901303;1871;3457;5328;1458.75390625;cb_sc_sa_ca_cd_sb_sd_cc;['cb', 'sc', 'sa', 'ca', 'cd', 'sb', 'sd', 'cc']
721;cd;598.4258359258529;2098;4710;6808;1458.75390625;cd_cc_ca_cb_sd_sb_sa_sc;['cd', 'cc', 'ca', 'cb', 'sd', 'sb', 'sa', 'sc']
722;cc;938.7198709680233;2166;4791;6957;1458.75390625;cc_sb_cd_sc_cb_ca_sa_sd;['cc', 'sb', 'cd', 'sc', 'cb', 'ca', 'sa', 'sd']
723;sa;622.5457917868625;2150;4405;6555;1458.75390625;sa_cb_cc_sc_cd_sb_sd_ca;['sa', 'cb', 'cc', 'sc', 'cd', 'sb', 'sd', 'ca']
724;sc;431.7072234139778;2049;4124;6173;1458.75390625;sc_cb_ca_cd_sb_cc_sa_sd;['sc', 'cb', 'ca', 'cd', 'sb', 'cc', 'sa', 'sd']
725;sd;966.7079729340039;2205;4698;6903;1458.75390625;sd_sb_cd_cb_sc_ca_sa_cc;['sd', 'sb', 'cd', 'cb', 'sc', 'ca', 'sa', 'cc']
726;cc;1164.7154710690957;2048;4101;6149;1458.75390625;cc_sb_sa_sc_cd_sd_ca_cb;['cc', 'sb', 'sa', 'sc', 'cd', 'sd', 'ca', 'cb']
727;cd;573.9437335007824;1867;3321;5188;1458.75390625;cd_sb_sc_cc_ca_sd_cb_sa;['cd', 'sb', 'sc', 'cc', 'ca', 'sd', 'cb', 'sa']
728;ca;2751.8796281069517;2042;4093;6135;1458.75390625;ca_sd_sa_sc_cc_cb_cd_sb;['ca', 'sd', 'sa', 'sc', 'cc', 'cb', 'cd', 'sb']
729;cb;649.5822613919154;1990;3818;5808;1458.75390625;cb_sa_sd_ca_cd_sc_sb_cc;['cb', 'sa', 'sd', 'ca', 'cd', 'sc', 'sb', 'cc']
730;sa;1229.5051828930154;2028;3995;6023;1458.75390625;sa_cc_ca_cb_cd_sc_sd_sb;['sa', 'cc', 'ca', 'cb', 'cd', 'sc', 'sd', 'sb']
731;cd;587.1241312539205;2008;3582;5590;1458.75390625;cd_cc_sd_sa_sb_sc_cb_ca;['cd', 'cc', 'sd', 'sa', 'sb', 'sc', 'cb', 'ca']
732;cd;1005.4877880299464;2031;4060;6091;1458.75390625;cd_ca_cc_cb_sa_sd_sc_sb;['cd', 'ca', 'cc', 'cb', 'sa', 'sd', 'sc', 'sb']
733;sd;574.4925736349542;2110;4262;6372;1458.75390625;sd_sa_cb_sc_ca_cc_sb_cd;['sd', 'sa', 'cb', 'sc', 'ca', 'cc', 'sb', 'cd']
734;sb;796.090414393926;1957;3644;5601;1458.75390625;sb_sd_cb_ca_sa_sc_cc_cd;['sb', 'sd', 'cb', 'ca', 'sa', 'sc', 'cc', 'cd']
735;cb;3671.8321110592224;2036;4221;6257;1458.75390625;cb_sd_sc_cc_sb_cd_ca_sa;['cb', 'sd', 'sc', 'cc', 'sb', 'cd', 'ca', 'sa']
736;sb;372.3794908039272;1922;3692;5614;1458.75390625;sb_cc_sc_ca_cb_sa_cd_sd;['sb', 'cc', 'sc', 'ca', 'cb', 'sa', 'cd', 'sd']
737;sd;502.58650999399833;2107;4284;6391;1458.75390625;sd_cc_cd_sb_ca_cb_sc_sa;['sd', 'cc', 'cd', 'sb', 'ca', 'cb', 'sc', 'sa']
738;cd;457.0401550438255;1877;3398;5275;1458.75390625;cd_sa_sd_sc_sb_cc_cb_ca;['cd', 'sa', 'sd', 'sc', 'sb', 'cc', 'cb', 'ca']
739;sc;1368.3115290889982;1912;3588;5500;1458.75390625;sc_cd_cb_sa_sb_ca_cc_sd;['sc', 'cd', 'cb', 'sa', 'sb', 'ca', 'cc', 'sd']
740;sd;874.3384663269389;2131;4277;6408;1458.75390625;sd_sa_sb_sc_cb_cd_cc_ca;['sd', 'sa', 'sb', 'sc', 'cb', 'cd', 'cc', 'ca']
741;cd;1399.4778937778901;2241;4965;7206;1458.75390625;cd_sd_cb_cc_sa_ca_sc_sb;['cd', 'sd', 'cb', 'cc', 'sa', 'ca', 'sc', 'sb']
742;sa;502.7080384918954;1963;3719;5682;1458.75390625;sa_cb_cd_sb_cc_ca_sc_sd;['sa', 'cb', 'cd', 'sb', 'cc', 'ca', 'sc', 'sd']
743;sa;695.3843918249477;2056;4082;6138;1458.75390625;sa_sb_cb_sd_cc_sc_cd_ca;['sa', 'sb', 'cb', 'sd', 'cc', 'sc', 'cd', 'ca']
744;cd;591.9991758088581;1996;3892;5888;1458.75390625;cd_sd_sa_cb_cc_sc_ca_sb;['cd', 'sd', 'sa', 'cb', 'cc', 'sc', 'ca', 'sb']
745;sd;2130.917039922904;2234;4848;7082;1458.75390625;sd_cc_cb_sc_cd_ca_sa_sb;['sd', 'cc', 'cb', 'sc', 'cd', 'ca', 'sa', 'sb']
746;ca;591.722204112215;2166;4513;6679;1458.75390625;ca_sc_cd_sb_sa_sd_cb_cc;['ca', 'sc', 'cd', 'sb', 'sa', 'sd', 'cb', 'cc']
747;sc;612.766489847796;2204;4651;6855;1458.75390625;sc_sd_sb_cb_ca_cd_sa_cc;['sc', 'sd', 'sb', 'cb', 'ca', 'cd', 'sa', 'cc']
748;cc;696.3729208558798;2211;4998;7209;1458.75390625;cc_cb_sc_cd_ca_sb_sa_sd;['cc', 'cb', 'sc', 'cd', 'ca', 'sb', 'sa', 'sd']
749;cb;2854.602765845135;2169;4413;6582;1458.75390625;cb_sc_ca_sb_cc_sd_cd_sa;['cb', 'sc', 'ca', 'sb', 'cc', 'sd', 'cd', 'sa']
750;cc;455.26566108013503;1924;3481;5405;1458.75390625;cc_sc_cd_sb_sd_sa_cb_ca;['cc', 'sc', 'cd', 'sb', 'sd', 'sa', 'cb', 'ca']
